Date,Apple TV Sessions,iPad Sessions,iPhone Sessions,iPod Sessions,Apple TV Active Last 30 Days,iPad Active Last 30 Days,iPhone Active Last 30 Days,iPod Active Last 30 Days
4/1/15,-,4.0,27.0,0.0,-,1.0,11.0,0.0
4/2/15,-,3.0,28.0,0.0,-,2.0,18.0,0.0
4/3/15,-,0.0,29.0,0.0,-,2.0,21.0,0.0
4/4/15,-,1.0,6.0,0.0,-,3.0,26.0,0.0
4/5/15,-,0.0,28.0,0.0,-,3.0,31.0,0.0
4/6/15,-,0.0,16.0,0.0,-,3.0,32.0,0.0
4/7/15,-,4.0,26.0,0.0,-,4.0,38.0,0.0
4/8/15,-,0.0,30.0,0.0,-,4.0,42.0,0.0
4/9/15,-,0.0,16.0,0.0,-,4.0,48.0,0.0
4/10/15,-,1.0,9.0,0.0,-,4.0,50.0,0.0
4/11/15,-,1.0,44.0,0.0,-,5.0,53.0,0.0
4/12/15,-,2.0,27.0,0.0,-,5.0,53.0,0.0
4/13/15,-,0.0,30.0,0.0,-,5.0,58.0,0.0
4/14/15,-,1.0,19.0,0.0,-,6.0,59.0,0.0
4/15/15,-,0.0,23.0,0.0,-,6.0,62.0,0.0
4/16/15,-,3.0,24.0,0.0,-,7.0,65.0,0.0
4/17/15,-,5.0,8.0,0.0,-,7.0,66.0,0.0
4/18/15,-,5.0,12.0,0.0,-,7.0,69.0,0.0
4/19/15,-,4.0,56.0,0.0,-,7.0,72.0,0.0
4/20/15,-,0.0,38.0,0.0,-,7.0,74.0,0.0
4/21/15,-,1.0,44.0,0.0,-,8.0,76.0,0.0
4/22/15,-,0.0,21.0,0.0,-,8.0,78.0,0.0
4/23/15,-,0.0,29.0,0.0,-,8.0,80.0,0.0
4/24/15,-,4.0,39.0,0.0,-,8.0,82.0,0.0
4/25/15,-,3.0,39.0,0.0,-,8.0,84.0,0.0
4/26/15,-,0.0,56.0,0.0,-,8.0,88.0,0.0
4/27/15,-,0.0,53.0,0.0,-,8.0,90.0,0.0
4/28/15,-,1.0,47.0,0.0,-,9.0,91.0,0.0
4/29/15,-,0.0,54.0,0.0,-,9.0,93.0,0.0
4/30/15,-,0.0,29.0,0.0,-,9.0,96.0,0.0
5/1/15,-,0.0,19.0,0.0,-,9.0,95.0,0.0
5/2/15,-,4.0,23.0,0.0,-,11.0,94.0,0.0
5/3/15,-,0.0,26.0,0.0,-,11.0,91.0,0.0
5/4/15,-,3.0,17.0,0.0,-,11.0,91.0,0.0
5/5/15,-,0.0,28.0,0.0,-,11.0,90.0,0.0
5/6/15,-,3.0,25.0,0.0,-,12.0,91.0,0.0
5/7/15,-,25.0,57.0,0.0,-,11.0,91.0,0.0
5/8/15,-,5.0,33.0,0.0,-,11.0,90.0,0.0
5/9/15,-,2.0,51.0,0.0,-,11.0,92.0,0.0
5/10/15,-,2.0,30.0,0.0,-,11.0,92.0,0.0
5/11/15,-,1.0,37.0,0.0,-,11.0,93.0,0.0
5/12/15,-,3.0,34.0,0.0,-,13.0,94.0,0.0
5/13/15,-,3.0,27.0,0.0,-,13.0,94.0,0.0
5/14/15,-,6.0,32.0,0.0,-,12.0,96.0,0.0
5/15/15,-,1.0,30.0,0.0,-,12.0,97.0,0.0
5/16/15,-,0.0,18.0,0.0,-,12.0,97.0,0.0
5/17/15,-,3.0,46.0,0.0,-,12.0,97.0,0.0
5/18/15,-,0.0,53.0,0.0,-,12.0,96.0,0.0
5/19/15,-,0.0,40.0,0.0,-,12.0,94.0,0.0
5/20/15,-,7.0,30.0,0.0,-,12.0,98.0,0.0
5/21/15,-,2.0,27.0,0.0,-,11.0,98.0,0.0
5/22/15,-,2.0,32.0,0.0,-,11.0,98.0,0.0
5/23/15,-,1.0,23.0,0.0,-,11.0,98.0,0.0
5/24/15,-,1.0,14.0,0.0,-,11.0,99.0,0.0
5/25/15,-,3.0,29.0,0.0,-,13.0,100.0,0.0
5/26/15,-,2.0,36.0,0.0,-,13.0,101.0,0.0
5/27/15,-,0.0,29.0,0.0,-,13.0,101.0,0.0
5/28/15,-,0.0,25.0,0.0,-,12.0,103.0,0.0
5/29/15,-,0.0,25.0,0.0,-,12.0,101.0,0.0
5/30/15,-,0.0,10.0,0.0,-,12.0,99.0,0.0
5/31/15,-,0.0,10.0,0.0,-,12.0,99.0,0.0
6/1/15,-,2.0,10.0,0.0,-,11.0,98.0,0.0
6/2/15,-,0.0,22.0,0.0,-,11.0,97.0,0.0
6/3/15,-,0.0,30.0,0.0,-,11.0,99.0,0.0
6/4/15,-,0.0,44.0,0.0,-,11.0,101.0,0.0
6/5/15,-,0.0,45.0,0.0,-,11.0,105.0,0.0
6/6/15,-,0.0,12.0,0.0,-,11.0,103.0,0.0
6/7/15,-,0.0,27.0,0.0,-,11.0,106.0,0.0
6/8/15,-,0.0,40.0,0.0,-,11.0,107.0,0.0
6/9/15,-,0.0,22.0,0.0,-,10.0,108.0,0.0
6/10/15,-,0.0,35.0,0.0,-,10.0,110.0,0.0
6/11/15,-,0.0,28.0,0.0,-,9.0,108.0,0.0
6/12/15,-,1.0,22.0,0.0,-,10.0,111.0,0.0
6/13/15,-,2.0,38.0,0.0,-,12.0,111.0,0.0
6/14/15,-,2.0,17.0,0.0,-,11.0,111.0,0.0
6/15/15,-,1.0,36.0,0.0,-,12.0,110.0,0.0
6/16/15,-,6.0,20.0,0.0,-,11.0,108.0,0.0
6/17/15,-,1.0,23.0,0.0,-,11.0,108.0,0.0
6/18/15,-,0.0,20.0,0.0,-,11.0,111.0,0.0
6/19/15,-,1.0,23.0,0.0,-,11.0,109.0,0.0
6/20/15,-,3.0,53.0,0.0,-,11.0,109.0,0.0
6/21/15,-,2.0,23.0,0.0,-,12.0,111.0,0.0
6/22/15,-,0.0,23.0,0.0,-,12.0,111.0,0.0
6/23/15,-,1.0,22.0,0.0,-,13.0,115.0,0.0
6/24/15,-,2.0,20.0,0.0,-,13.0,115.0,0.0
6/25/15,-,1.0,36.0,0.0,-,12.0,113.0,0.0
6/26/15,-,0.0,51.0,0.0,-,12.0,115.0,0.0
6/27/15,-,0.0,21.0,0.0,-,12.0,113.0,0.0
6/28/15,-,0.0,12.0,0.0,-,12.0,108.0,0.0
6/29/15,-,0.0,34.0,0.0,-,12.0,106.0,0.0
6/30/15,-,0.0,48.0,0.0,-,12.0,106.0,0.0
7/1/15,-,0.0,20.0,2.0,-,11.0,106.0,1.0
7/2/15,-,2.0,30.0,0.0,-,12.0,110.0,1.0
7/3/15,-,0.0,23.0,0.0,-,12.0,110.0,1.0
7/4/15,-,0.0,33.0,0.0,-,12.0,109.0,1.0
7/5/15,-,0.0,34.0,0.0,-,12.0,110.0,1.0
7/6/15,-,0.0,51.0,0.0,-,12.0,113.0,1.0
7/7/15,-,0.0,22.0,0.0,-,12.0,110.0,1.0
7/8/15,-,0.0,16.0,0.0,-,12.0,111.0,1.0
7/9/15,-,0.0,23.0,0.0,-,12.0,108.0,1.0
7/10/15,-,0.0,22.0,0.0,-,12.0,109.0,1.0
7/11/15,-,1.0,16.0,0.0,-,12.0,111.0,1.0
7/12/15,-,0.0,23.0,0.0,-,12.0,109.0,1.0
7/13/15,-,0.0,22.0,0.0,-,10.0,107.0,1.0
7/14/15,-,0.0,34.0,0.0,-,9.0,110.0,1.0
7/15/15,-,2.0,25.0,0.0,-,9.0,109.0,1.0
7/16/15,-,0.0,9.0,0.0,-,9.0,108.0,1.0
7/17/15,-,1.0,49.0,0.0,-,9.0,109.0,1.0
7/18/15,-,0.0,39.0,0.0,-,9.0,108.0,1.0
7/19/15,-,0.0,45.0,0.0,-,9.0,105.0,1.0
7/20/15,-,0.0,18.0,0.0,-,9.0,104.0,1.0
7/21/15,-,2.0,27.0,0.0,-,8.0,102.0,1.0
7/22/15,-,2.0,21.0,0.0,-,8.0,103.0,1.0
7/23/15,-,3.0,15.0,0.0,-,7.0,100.0,1.0
7/24/15,-,0.0,18.0,0.0,-,5.0,103.0,1.0
7/25/15,-,1.0,25.0,0.0,-,5.0,105.0,1.0
7/26/15,-,0.0,25.0,0.0,-,5.0,103.0,1.0
7/27/15,-,0.0,19.0,0.0,-,5.0,106.0,1.0
7/28/15,-,0.0,30.0,0.0,-,5.0,107.0,1.0
7/29/15,-,0.0,30.0,0.0,-,5.0,105.0,1.0
7/30/15,-,0.0,27.0,0.0,-,5.0,105.0,1.0
7/31/15,-,0.0,34.0,0.0,-,5.0,105.0,0.0
8/1/15,-,0.0,37.0,0.0,-,4.0,102.0,0.0
8/2/15,-,0.0,23.0,0.0,-,4.0,102.0,0.0
8/3/15,-,0.0,45.0,0.0,-,4.0,103.0,0.0
8/4/15,-,3.0,25.0,0.0,-,4.0,103.0,0.0
8/5/15,-,0.0,18.0,0.0,-,4.0,101.0,0.0
8/6/15,-,3.0,44.0,0.0,-,4.0,100.0,0.0
8/7/15,-,1.0,13.0,0.0,-,4.0,99.0,0.0
8/8/15,-,0.0,7.0,0.0,-,4.0,98.0,0.0
8/9/15,-,4.0,27.0,0.0,-,5.0,100.0,0.0
8/10/15,-,4.0,46.0,0.0,-,4.0,101.0,0.0
8/11/15,-,1.0,30.0,0.0,-,4.0,102.0,0.0
8/12/15,-,1.0,36.0,0.0,-,5.0,105.0,0.0
8/13/15,-,6.0,27.0,0.0,-,6.0,103.0,0.0
8/14/15,-,2.0,21.0,0.0,-,6.0,108.0,0.0
8/15/15,-,5.0,31.0,0.0,-,7.0,118.0,0.0
8/16/15,-,6.0,22.0,0.0,-,6.0,122.0,0.0
8/17/15,-,0.0,31.0,0.0,-,7.0,137.0,0.0
8/18/15,-,0.0,26.0,0.0,-,7.0,137.0,0.0
8/19/15,-,6.0,22.0,0.0,-,8.0,143.0,0.0
8/20/15,-,0.0,26.0,0.0,-,8.0,151.0,0.0
8/21/15,-,0.0,20.0,0.0,-,8.0,157.0,0.0
8/22/15,-,0.0,12.0,0.0,-,9.0,159.0,0.0
8/23/15,-,5.0,16.0,0.0,-,9.0,161.0,0.0
8/24/15,-,4.0,26.0,0.0,-,11.0,168.0,0.0
8/25/15,-,0.0,31.0,0.0,-,11.0,179.0,0.0
8/26/15,-,0.0,7.0,0.0,-,11.0,163.0,0.0
8/27/15,-,4.0,39.0,0.0,-,8.0,111.0,0.0
8/28/15,-,8.0,20.0,0.0,-,9.0,98.0,0.0
8/29/15,-,5.0,25.0,2.0,-,11.0,99.0,1.0
8/30/15,-,2.0,13.0,0.0,-,11.0,97.0,1.0
8/31/15,-,0.0,19.0,0.0,-,11.0,95.0,1.0
9/1/15,-,0.0,17.0,0.0,-,11.0,97.0,1.0
9/2/15,-,2.0,22.0,0.0,-,12.0,100.0,1.0
9/3/15,-,0.0,11.0,0.0,-,12.0,100.0,1.0
9/4/15,-,0.0,21.0,0.0,-,12.0,100.0,1.0
9/5/15,-,2.0,23.0,1.0,-,12.0,99.0,2.0
9/6/15,-,0.0,27.0,0.0,-,12.0,101.0,2.0
9/7/15,-,3.0,14.0,0.0,-,14.0,103.0,2.0
9/8/15,-,0.0,26.0,0.0,-,12.0,101.0,2.0
9/9/15,-,1.0,18.0,0.0,-,12.0,100.0,2.0
9/10/15,-,0.0,41.0,0.0,-,12.0,101.0,2.0
9/11/15,-,1.0,69.0,0.0,-,12.0,102.0,2.0
9/12/15,-,0.0,36.0,0.0,-,11.0,100.0,2.0
9/13/15,-,0.0,14.0,0.0,-,11.0,97.0,2.0
9/14/15,-,0.0,27.0,0.0,-,11.0,100.0,2.0
9/15/15,-,1.0,62.0,0.0,-,12.0,103.0,2.0
9/16/15,-,3.0,51.0,0.0,-,14.0,111.0,2.0
9/17/15,-,0.0,78.0,0.0,-,15.0,123.0,2.0
9/18/15,-,0.0,70.0,0.0,-,17.0,136.0,3.0
9/19/15,-,1.0,40.0,0.0,-,19.0,155.0,3.0
9/20/15,-,0.0,23.0,0.0,-,20.0,168.0,3.0
9/21/15,-,0.0,37.0,0.0,-,22.0,180.0,3.0
9/22/15,-,0.0,39.0,0.0,-,23.0,192.0,4.0
9/23/15,-,0.0,54.0,0.0,-,22.0,198.0,4.0
9/24/15,-,0.0,50.0,0.0,-,19.0,168.0,3.0
9/25/15,-,1.0,54.0,0.0,-,17.0,151.0,3.0
9/26/15,-,5.0,37.0,1.0,-,18.0,138.0,2.0
9/27/15,-,6.0,32.0,0.0,-,17.0,131.0,2.0
9/28/15,-,3.0,40.0,0.0,-,19.0,133.0,2.0
9/29/15,-,6.0,39.0,0.0,-,18.0,132.0,2.0
9/30/15,-,8.0,27.0,0.0,-,19.0,131.0,2.0
10/1/15,-,1.0,35.0,0.0,-,18.0,132.0,2.0
10/2/15,-,0.0,34.0,1.0,-,16.0,132.0,2.0
10/3/15,-,1.0,15.0,0.0,-,17.0,132.0,2.0
10/4/15,-,0.0,26.0,1.0,-,17.0,136.0,3.0
10/5/15,-,3.0,45.0,2.0,-,18.0,143.0,2.0
10/6/15,-,2.0,39.0,0.0,-,18.0,147.0,2.0
10/7/15,-,2.0,66.0,0.0,-,15.0,154.0,2.0
10/8/15,-,1.0,47.0,2.0,-,16.0,159.0,2.0
10/9/15,-,2.0,40.0,2.0,-,16.0,160.0,2.0
10/10/15,-,4.0,54.0,0.0,-,17.0,164.0,2.0
10/11/15,-,0.0,55.0,1.0,-,17.0,165.0,2.0
10/12/15,-,1.0,21.0,0.0,-,17.0,166.0,2.0
10/13/15,-,7.0,44.0,0.0,-,18.0,169.0,2.0
10/14/15,-,0.0,39.0,0.0,-,18.0,176.0,2.0
10/15/15,-,1.0,27.0,0.0,-,18.0,174.0,2.0
10/16/15,-,2.0,36.0,0.0,-,18.0,173.0,2.0
10/17/15,-,3.0,47.0,0.0,-,20.0,179.0,2.0
10/18/15,-,3.0,65.0,0.0,-,20.0,177.0,2.0
10/19/15,-,1.0,56.0,0.0,-,19.0,180.0,2.0
10/20/15,-,4.0,46.0,0.0,-,20.0,185.0,2.0
10/21/15,-,7.0,35.0,0.0,-,22.0,188.0,2.0
10/22/15,-,6.0,27.0,0.0,-,23.0,189.0,2.0
10/23/15,-,0.0,39.0,0.0,-,23.0,193.0,2.0
10/24/15,-,4.0,48.0,0.0,-,25.0,194.0,2.0
10/25/15,-,2.0,46.0,0.0,-,25.0,193.0,2.0
10/26/15,-,6.0,46.0,0.0,-,25.0,194.0,2.0
10/27/15,-,2.0,48.0,0.0,-,26.0,197.0,2.0
10/28/15,-,3.0,37.0,0.0,-,24.0,197.0,2.0
10/29/15,-,3.0,79.0,0.0,-,24.0,202.0,2.0
10/30/15,-,4.0,42.0,0.0,-,23.0,202.0,2.0
10/31/15,-,9.0,35.0,0.0,-,23.0,201.0,2.0
11/1/15,-,1.0,62.0,0.0,-,23.0,202.0,2.0
11/2/15,-,6.0,25.0,0.0,-,24.0,205.0,2.0
11/3/15,-,3.0,58.0,0.0,-,25.0,209.0,2.0
11/4/15,-,3.0,76.0,0.0,-,25.0,212.0,2.0
11/5/15,-,1.0,53.0,0.0,-,25.0,210.0,2.0
11/6/15,-,0.0,56.0,0.0,-,25.0,213.0,2.0
11/7/15,-,0.0,42.0,0.0,-,25.0,215.0,2.0
11/8/15,-,1.0,48.0,0.0,-,26.0,217.0,1.0
11/9/15,-,1.0,73.0,0.0,-,25.0,218.0,1.0
11/10/15,-,3.0,77.0,0.0,-,27.0,219.0,0.0
11/11/15,-,0.0,77.0,0.0,-,26.0,218.0,0.0
11/12/15,-,1.0,73.0,0.0,-,25.0,210.0,0.0
11/13/15,-,3.0,83.0,0.0,-,25.0,209.0,0.0
11/14/15,-,0.0,79.0,0.0,-,24.0,211.0,0.0
11/15/15,-,4.0,49.0,0.0,-,24.0,207.0,0.0
11/16/15,-,0.0,51.0,0.0,-,22.0,208.0,0.0
11/17/15,-,0.0,40.0,0.0,-,22.0,207.0,0.0
11/18/15,-,0.0,65.0,0.0,-,22.0,210.0,0.0
11/19/15,-,6.0,52.0,1.0,-,22.0,211.0,1.0
11/20/15,-,2.0,65.0,0.0,-,21.0,210.0,1.0
11/21/15,-,5.0,77.0,0.0,-,21.0,206.0,1.0
11/22/15,-,0.0,55.0,0.0,-,21.0,210.0,1.0
11/23/15,-,3.0,43.0,0.0,-,20.0,214.0,1.0
11/24/15,-,0.0,30.0,0.0,-,20.0,214.0,1.0
11/25/15,-,0.0,28.0,0.0,-,19.0,209.0,1.0
11/26/15,-,0.0,57.0,3.0,-,18.0,213.0,1.0
11/27/15,-,3.0,50.0,0.0,-,19.0,214.0,1.0
11/28/15,-,0.0,37.0,0.0,-,18.0,210.0,1.0
11/29/15,-,0.0,46.0,1.0,-,18.0,211.0,1.0
11/30/15,-,8.0,52.0,1.0,-,19.0,211.0,1.0
12/1/15,-,2.0,46.0,0.0,-,20.0,212.0,1.0
12/2/15,-,0.0,47.0,0.0,-,18.0,210.0,1.0
12/3/15,-,1.0,30.0,0.0,-,17.0,208.0,1.0
12/4/15,-,0.0,33.0,0.0,-,17.0,209.0,1.0
12/5/15,-,7.0,41.0,0.0,-,17.0,209.0,1.0
12/6/15,-,2.0,40.0,0.0,-,19.0,208.0,1.0
12/7/15,-,1.0,40.0,0.0,-,19.0,206.0,1.0
12/8/15,-,6.0,57.0,0.0,-,19.0,204.0,1.0
12/9/15,-,3.0,93.0,0.0,-,21.0,205.0,1.0
12/10/15,-,2.0,71.0,0.0,-,20.0,206.0,1.0
12/11/15,-,2.0,41.0,0.0,-,20.0,205.0,1.0
12/12/15,-,1.0,40.0,0.0,-,21.0,207.0,1.0
12/13/15,-,2.0,34.0,0.0,-,22.0,206.0,1.0
12/14/15,-,1.0,62.0,0.0,-,22.0,208.0,1.0
12/15/15,-,0.0,38.0,0.0,-,21.0,208.0,1.0
12/16/15,-,4.0,29.0,0.0,-,21.0,208.0,1.0
12/17/15,-,0.0,38.0,0.0,-,21.0,207.0,1.0
12/18/15,-,2.0,27.0,0.0,-,22.0,205.0,1.0
12/19/15,-,0.0,57.0,0.0,-,20.0,204.0,1.0
12/20/15,-,0.0,70.0,0.0,-,20.0,204.0,1.0
12/21/15,-,0.0,94.0,0.0,-,18.0,200.0,1.0
12/22/15,-,0.0,50.0,0.0,-,18.0,198.0,1.0
12/23/15,-,0.0,49.0,0.0,-,17.0,201.0,1.0
12/24/15,-,0.0,17.0,0.0,-,17.0,199.0,1.0
12/25/15,-,0.0,18.0,0.0,-,17.0,199.0,1.0
12/26/15,-,2.0,62.0,0.0,-,19.0,201.0,1.0
12/27/15,-,1.0,50.0,0.0,-,19.0,200.0,1.0
12/28/15,-,5.0,34.0,0.0,-,20.0,199.0,1.0
12/29/15,-,11.0,22.0,0.0,-,22.0,198.0,1.0
12/30/15,-,6.0,47.0,0.0,-,22.0,200.0,0.0
12/31/15,-,0.0,31.0,0.0,-,21.0,195.0,0.0
1/1/16,-,0.0,33.0,0.0,-,21.0,195.0,0.0
1/2/16,-,0.0,40.0,0.0,-,20.0,197.0,0.0
1/3/16,-,4.0,34.0,0.0,-,21.0,197.0,0.0
1/4/16,-,2.0,59.0,0.0,-,21.0,198.0,0.0
1/5/16,-,0.0,22.0,0.0,-,20.0,196.0,0.0
1/6/16,-,6.0,90.0,0.0,-,19.0,199.0,0.0
1/7/16,-,3.0,37.0,0.0,-,19.0,196.0,0.0
1/8/16,-,5.0,48.0,0.0,-,19.0,198.0,0.0
1/9/16,-,28.0,42.0,0.0,-,20.0,196.0,0.0
1/10/16,-,0.0,52.0,0.0,-,20.0,194.0,0.0
1/11/16,-,16.0,75.0,0.0,-,21.0,199.0,0.0
1/12/16,-,1.0,38.0,0.0,-,21.0,198.0,0.0
1/13/16,-,9.0,59.0,0.0,-,21.0,198.0,0.0
1/14/16,-,21.0,36.0,0.0,-,25.0,201.0,0.0
1/15/16,-,20.0,53.0,0.0,-,27.0,205.0,0.0
1/16/16,-,14.0,48.0,0.0,-,27.0,206.0,0.0
1/17/16,-,7.0,39.0,0.0,-,25.0,206.0,0.0
1/18/16,-,8.0,52.0,0.0,-,26.0,208.0,0.0
1/19/16,-,16.0,27.0,0.0,-,26.0,211.0,0.0
1/20/16,-,28.0,33.0,0.0,-,27.0,216.0,0.0
1/21/16,-,10.0,77.0,0.0,-,27.0,218.0,0.0
1/22/16,-,21.0,36.0,0.0,-,27.0,215.0,0.0
1/23/16,-,17.0,48.0,0.0,-,28.0,216.0,0.0
1/24/16,-,2.0,38.0,0.0,-,28.0,217.0,0.0
1/25/16,-,11.0,85.0,0.0,-,29.0,213.0,0.0
1/26/16,-,9.0,67.0,0.0,-,29.0,216.0,0.0
1/27/16,-,8.0,110.0,0.0,-,29.0,218.0,0.0
1/28/16,-,10.0,52.0,0.0,-,28.0,223.0,0.0
1/29/16,-,10.0,77.0,0.0,-,27.0,227.0,0.0
1/30/16,-,26.0,54.0,2.0,-,27.0,227.0,1.0
1/31/16,-,7.0,47.0,3.0,-,28.0,227.0,1.0
2/1/16,-,5.0,105.0,0.0,-,28.0,230.0,1.0
2/2/16,-,3.0,46.0,0.0,-,28.0,228.0,1.0
2/3/16,-,2.0,72.0,0.0,-,27.0,229.0,1.0
2/4/16,-,7.0,87.0,0.0,-,27.0,232.0,1.0
2/5/16,-,1.0,79.0,0.0,-,27.0,231.0,1.0
2/6/16,-,6.0,54.0,0.0,-,25.0,233.0,1.0
2/7/16,-,1.0,69.0,0.0,-,25.0,235.0,1.0
2/8/16,-,5.0,64.0,0.0,-,25.0,236.0,1.0
2/9/16,-,6.0,52.0,0.0,-,25.0,235.0,1.0
2/10/16,-,13.0,86.0,0.0,-,26.0,230.0,1.0
2/11/16,-,14.0,63.0,0.0,-,27.0,230.0,1.0
2/12/16,-,1.0,112.0,0.0,-,27.0,232.0,1.0
2/13/16,-,1.0,59.0,0.0,-,24.0,230.0,1.0
2/14/16,-,1.0,83.0,0.0,-,23.0,225.0,1.0
2/15/16,-,2.0,130.0,0.0,-,23.0,226.0,1.0
2/16/16,-,2.0,52.0,0.0,-,23.0,225.0,1.0
2/17/16,-,1.0,41.0,0.0,-,23.0,225.0,1.0
2/18/16,-,3.0,67.0,0.0,-,24.0,233.0,1.0
2/19/16,-,3.0,42.0,0.0,-,23.0,237.0,1.0
2/20/16,-,0.0,46.0,0.0,-,23.0,235.0,1.0
2/21/16,-,2.0,56.0,0.0,-,22.0,239.0,1.0
2/22/16,-,15.0,38.0,0.0,-,22.0,242.0,1.0
2/23/16,-,3.0,84.0,0.0,-,21.0,243.0,1.0
2/24/16,-,4.0,58.0,0.0,-,20.0,243.0,1.0
2/25/16,-,6.0,56.0,0.0,-,20.0,244.0,1.0
2/26/16,-,3.0,48.0,0.0,-,19.0,244.0,1.0
2/27/16,-,1.0,73.0,0.0,-,18.0,246.0,1.0
2/28/16,-,0.0,77.0,0.0,-,18.0,245.0,1.0
2/29/16,-,16.0,73.0,0.0,-,20.0,242.0,1.0
3/1/16,-,22.0,55.0,0.0,-,19.0,243.0,0.0
3/2/16,-,5.0,49.0,0.0,-,19.0,234.0,0.0
3/3/16,-,3.0,73.0,0.0,-,19.0,238.0,0.0
3/4/16,-,10.0,52.0,0.0,-,20.0,235.0,0.0
3/5/16,-,4.0,49.0,0.0,-,21.0,237.0,0.0
3/6/16,-,1.0,66.0,0.0,-,22.0,237.0,0.0
3/7/16,-,6.0,79.0,0.0,-,24.0,234.0,0.0
3/8/16,-,3.0,109.0,0.0,-,24.0,236.0,0.0
3/9/16,-,4.0,72.0,0.0,-,24.0,237.0,0.0
3/10/16,-,2.0,65.0,0.0,-,24.0,239.0,0.0
3/11/16,-,2.0,64.0,0.0,-,23.0,239.0,0.0
3/12/16,-,1.0,91.0,0.0,-,21.0,237.0,0.0
3/13/16,-,3.0,73.0,0.0,-,22.0,237.0,0.0
3/14/16,-,0.0,53.0,0.0,-,21.0,238.0,0.0
3/15/16,-,15.0,68.0,0.0,-,22.0,245.0,0.0
3/16/16,-,15.0,39.0,0.0,-,22.0,247.0,0.0
3/17/16,-,2.0,35.0,0.0,-,22.0,246.0,0.0
3/18/16,-,4.0,50.0,0.0,-,21.0,244.0,0.0
3/19/16,-,0.0,65.0,0.0,-,20.0,243.0,0.0
3/20/16,-,0.0,85.0,0.0,-,20.0,242.0,0.0
3/21/16,-,2.0,93.0,0.0,-,20.0,243.0,0.0
3/22/16,-,1.0,73.0,0.0,-,21.0,243.0,0.0
3/23/16,-,3.0,72.0,0.0,-,20.0,241.0,0.0
3/24/16,-,6.0,74.0,0.0,-,20.0,244.0,0.0
3/25/16,-,0.0,53.0,0.0,-,20.0,245.0,0.0
3/26/16,-,4.0,90.0,0.0,-,20.0,245.0,0.0
3/27/16,-,3.0,54.0,0.0,-,22.0,244.0,0.0
3/28/16,-,12.0,91.0,0.0,-,23.0,244.0,0.0
3/29/16,-,0.0,89.0,0.0,-,23.0,245.0,0.0
3/30/16,-,6.0,65.0,0.0,-,22.0,247.0,0.0
3/31/16,-,1.0,95.0,0.0,-,22.0,241.0,0.0
4/1/16,-,1.0,98.0,0.0,-,23.0,238.0,0.0
4/2/16,-,4.0,31.0,0.0,-,25.0,241.0,0.0
4/3/16,-,7.0,53.0,0.0,-,27.0,242.0,0.0
4/4/16,-,10.0,103.0,0.0,-,28.0,244.0,0.0
4/5/16,-,6.0,134.0,0.0,-,28.0,244.0,0.0
4/6/16,-,2.0,76.0,0.0,-,26.0,239.0,0.0
4/7/16,-,6.0,58.0,0.0,-,25.0,238.0,0.0
4/8/16,-,2.0,105.0,0.0,-,25.0,237.0,0.0
4/9/16,-,4.0,72.0,0.0,-,27.0,237.0,0.0
4/10/16,-,6.0,49.0,0.0,-,27.0,238.0,0.0
4/11/16,-,1.0,69.0,0.0,-,28.0,242.0,0.0
4/12/16,-,2.0,79.0,0.0,-,27.0,241.0,0.0
4/13/16,-,3.0,123.0,0.0,-,28.0,246.0,0.0
4/14/16,-,1.0,144.0,1.0,-,27.0,243.0,1.0
4/15/16,-,1.0,77.0,0.0,-,28.0,242.0,1.0
4/16/16,-,2.0,45.0,0.0,-,28.0,242.0,1.0
4/17/16,-,4.0,66.0,0.0,-,28.0,243.0,1.0
4/18/16,-,3.0,49.0,0.0,-,28.0,242.0,1.0
4/19/16,-,7.0,64.0,0.0,-,28.0,244.0,1.0
4/20/16,-,1.0,62.0,0.0,-,27.0,247.0,1.0
4/21/16,-,0.0,93.0,0.0,-,27.0,251.0,1.0
4/22/16,-,2.0,43.0,0.0,-,26.0,252.0,1.0
4/23/16,-,6.0,49.0,0.0,-,26.0,256.0,1.0
4/24/16,-,3.0,59.0,0.0,-,28.0,255.0,1.0
4/25/16,-,9.0,60.0,0.0,-,27.0,263.0,1.0
4/26/16,-,22.0,71.0,0.0,-,29.0,264.0,1.0
4/27/16,-,7.0,62.0,0.0,-,28.0,268.0,1.0
4/28/16,-,3.0,77.0,0.0,-,28.0,270.0,1.0
4/29/16,-,18.0,81.0,0.0,-,28.0,270.0,1.0
4/30/16,-,10.0,65.0,0.0,-,28.0,268.0,1.0
5/1/16,-,15.0,36.0,1.0,-,27.0,268.0,1.0
5/2/16,-,5.0,97.0,0.0,-,24.0,267.0,1.0
5/3/16,-,2.0,106.0,0.0,-,23.0,269.0,1.0
5/4/16,-,3.0,79.0,0.0,-,22.0,268.0,1.0
5/5/16,-,12.0,65.0,0.0,-,22.0,265.0,1.0
5/6/16,-,12.0,56.0,0.0,-,23.0,270.0,1.0
5/7/16,-,8.0,77.0,3.0,-,23.0,267.0,1.0
5/8/16,-,5.0,67.0,0.0,-,23.0,264.0,1.0
5/9/16,-,5.0,78.0,0.0,-,21.0,270.0,1.0
5/10/16,-,7.0,70.0,0.0,-,21.0,271.0,1.0
5/11/16,-,15.0,100.0,0.0,-,20.0,273.0,1.0
5/12/16,-,5.0,83.0,0.0,-,20.0,276.0,1.0
5/13/16,-,6.0,69.0,2.0,-,20.0,272.0,1.0
5/14/16,-,15.0,88.0,0.0,-,20.0,270.0,1.0
5/15/16,-,10.0,85.0,0.0,-,21.0,269.0,1.0
5/16/16,-,18.0,65.0,0.0,-,22.0,270.0,1.0
5/17/16,-,14.0,67.0,0.0,-,23.0,264.0,1.0
5/18/16,-,4.0,55.0,0.0,-,23.0,264.0,1.0
5/19/16,-,10.0,55.0,4.0,-,24.0,264.0,1.0
5/20/16,-,4.0,65.0,4.0,-,23.0,268.0,1.0
5/21/16,-,10.0,68.0,0.0,-,24.0,264.0,1.0
5/22/16,-,11.0,84.0,0.0,-,24.0,264.0,1.0
5/23/16,-,9.0,65.0,0.0,-,24.0,264.0,1.0
5/24/16,-,4.0,93.0,0.0,-,21.0,265.0,1.0
5/25/16,-,9.0,94.0,0.0,-,21.0,262.0,1.0
5/26/16,-,6.0,92.0,0.0,-,19.0,264.0,1.0
5/27/16,-,9.0,77.0,0.0,-,18.0,262.0,1.0
5/28/16,-,3.0,27.0,0.0,-,18.0,264.0,1.0
5/29/16,-,8.0,75.0,0.0,-,18.0,261.0,1.0
5/30/16,-,11.0,88.0,0.0,-,20.0,267.0,1.0
5/31/16,-,7.0,105.0,1.0,-,22.0,269.0,1.0
6/1/16,-,2.0,91.0,0.0,-,21.0,271.0,1.0
6/2/16,-,1.0,88.0,0.0,-,20.0,276.0,1.0
6/3/16,-,2.0,106.0,0.0,-,22.0,273.0,1.0
6/4/16,-,7.0,78.0,0.0,-,22.0,275.0,1.0
6/5/16,-,6.0,60.0,0.0,-,23.0,273.0,1.0
6/6/16,-,6.0,77.0,0.0,-,22.0,276.0,1.0
6/7/16,-,3.0,134.0,0.0,-,22.0,276.0,1.0
6/8/16,-,7.0,177.0,0.0,-,22.0,273.0,1.0
6/9/16,-,5.0,87.0,0.0,-,22.0,275.0,1.0
6/10/16,-,9.0,86.0,0.0,-,23.0,276.0,1.0
6/11/16,-,3.0,111.0,0.0,-,22.0,276.0,1.0
6/12/16,-,5.0,109.0,0.0,-,22.0,277.0,1.0
6/13/16,-,2.0,50.0,0.0,-,19.0,278.0,1.0
6/14/16,-,2.0,94.0,0.0,-,19.0,284.0,1.0
6/15/16,-,4.0,78.0,0.0,-,19.0,284.0,1.0
6/16/16,-,4.0,127.0,0.0,-,21.0,288.0,1.0
6/17/16,-,2.0,78.0,0.0,-,19.0,287.0,1.0
6/18/16,-,2.0,87.0,0.0,-,19.0,290.0,1.0
6/19/16,-,0.0,98.0,0.0,-,18.0,285.0,1.0
6/20/16,-,1.0,77.0,0.0,-,19.0,283.0,1.0
6/21/16,-,0.0,118.0,0.0,-,18.0,287.0,1.0
6/22/16,-,0.0,50.0,0.0,-,17.0,286.0,1.0
6/23/16,-,4.0,80.0,0.0,-,18.0,285.0,1.0
6/24/16,-,0.0,101.0,0.0,-,18.0,281.0,1.0
6/25/16,-,14.0,49.0,0.0,-,19.0,281.0,1.0
6/26/16,-,0.0,112.0,1.0,-,19.0,284.0,1.0
6/27/16,-,1.0,110.0,0.0,-,19.0,261.0,1.0
6/28/16,-,1.0,72.0,0.0,-,19.0,267.0,1.0
6/29/16,-,3.0,102.0,0.0,-,18.0,261.0,1.0
6/30/16,-,12.0,152.0,0.0,-,16.0,269.0,1.0
7/1/16,-,5.0,93.0,0.0,-,16.0,269.0,1.0
7/2/16,-,11.0,88.0,0.0,-,18.0,265.0,1.0
7/3/16,-,10.0,65.0,0.0,-,18.0,260.0,1.0
7/4/16,-,2.0,68.0,0.0,-,18.0,285.0,1.0
7/5/16,-,0.0,83.0,0.0,-,17.0,283.0,1.0
7/6/16,-,0.0,65.0,0.0,-,17.0,281.0,1.0
7/7/16,-,0.0,71.0,0.0,-,17.0,281.0,1.0
7/8/16,-,0.0,74.0,0.0,-,17.0,284.0,1.0
7/9/16,-,0.0,59.0,0.0,-,16.0,278.0,1.0
7/10/16,-,2.0,91.0,0.0,-,18.0,280.0,1.0
7/11/16,-,2.0,69.0,0.0,-,19.0,278.0,1.0
7/12/16,-,0.0,89.0,0.0,-,19.0,276.0,1.0
7/13/16,-,0.0,53.0,0.0,-,19.0,272.0,1.0
7/14/16,-,1.0,60.0,0.0,-,18.0,269.0,1.0
7/15/16,-,3.0,44.0,0.0,-,17.0,264.0,1.0
7/16/16,-,1.0,72.0,0.0,-,17.0,262.0,1.0
7/17/16,-,0.0,46.0,0.0,-,16.0,260.0,1.0
7/18/16,-,2.0,86.0,0.0,-,16.0,264.0,1.0
7/19/16,-,1.0,67.0,0.0,-,16.0,267.0,1.0
7/20/16,-,0.0,80.0,0.0,-,15.0,270.0,1.0
7/21/16,-,3.0,119.0,0.0,-,15.0,271.0,1.0
7/22/16,-,0.0,107.0,0.0,-,15.0,273.0,1.0
7/23/16,-,1.0,84.0,0.0,-,14.0,275.0,1.0
7/24/16,-,0.0,83.0,0.0,-,14.0,276.0,1.0
7/25/16,-,5.0,120.0,0.0,-,13.0,280.0,1.0
7/26/16,-,3.0,106.0,0.0,-,13.0,273.0,0.0
7/27/16,-,4.0,100.0,0.0,-,14.0,275.0,0.0
7/28/16,-,11.0,72.0,0.0,-,14.0,272.0,0.0
7/29/16,-,2.0,68.0,0.0,-,14.0,270.0,0.0
7/30/16,-,3.0,61.0,0.0,-,14.0,271.0,0.0
7/31/16,-,4.0,93.0,0.0,-,14.0,268.0,0.0
8/1/16,-,0.0,102.0,0.0,-,13.0,269.0,0.0
8/2/16,-,0.0,97.0,0.0,-,12.0,271.0,0.0
8/3/16,-,2.0,110.0,0.0,-,13.0,271.0,0.0
8/4/16,-,1.0,76.0,0.0,-,13.0,270.0,0.0
8/5/16,-,2.0,56.0,0.0,-,13.0,270.0,0.0
8/6/16,-,3.0,109.0,0.0,-,14.0,263.0,0.0
8/7/16,-,3.0,105.0,0.0,-,15.0,262.0,0.0
8/8/16,-,1.0,108.0,0.0,-,15.0,270.0,0.0
8/9/16,-,0.0,89.0,0.0,-,14.0,269.0,0.0
8/10/16,-,1.0,63.0,0.0,-,14.0,270.0,0.0
8/11/16,-,3.0,90.0,0.0,-,15.0,269.0,0.0
8/12/16,-,1.0,61.0,0.0,-,16.0,276.0,0.0
8/13/16,-,2.0,59.0,0.0,-,16.0,276.0,0.0
8/14/16,-,0.0,113.0,0.0,-,15.0,278.0,0.0
8/15/16,-,0.0,61.0,0.0,-,14.0,279.0,0.0
8/16/16,-,0.0,112.0,0.0,-,14.0,281.0,0.0
8/17/16,-,4.0,92.0,0.0,-,15.0,281.0,0.0
8/18/16,-,5.0,124.0,0.0,-,14.0,280.0,0.0
8/19/16,-,0.0,65.0,0.0,-,14.0,287.0,0.0
8/20/16,-,3.0,71.0,0.0,-,15.0,279.0,0.0
8/21/16,-,3.0,88.0,0.0,-,15.0,278.0,0.0
8/22/16,-,1.0,65.0,0.0,-,15.0,273.0,0.0
8/23/16,-,0.0,89.0,0.0,-,15.0,275.0,0.0
8/24/16,-,2.0,84.0,0.0,-,15.0,277.0,0.0
8/25/16,-,0.0,74.0,0.0,-,15.0,277.0,0.0
8/26/16,-,0.0,72.0,0.0,-,15.0,279.0,0.0
8/27/16,-,0.0,82.0,0.0,-,15.0,277.0,0.0
8/28/16,-,3.0,67.0,0.0,-,16.0,280.0,0.0
8/29/16,-,1.0,87.0,0.0,-,16.0,272.0,0.0
8/30/16,-,1.0,90.0,0.0,-,16.0,271.0,0.0
8/31/16,-,0.0,50.0,0.0,-,16.0,272.0,0.0
9/1/16,-,1.0,68.0,0.0,-,16.0,271.0,0.0
9/2/16,-,1.0,55.0,0.0,-,15.0,268.0,0.0
9/3/16,-,1.0,80.0,0.0,-,15.0,267.0,0.0
9/4/16,-,0.0,103.0,0.0,-,15.0,268.0,0.0
9/5/16,-,0.0,46.0,0.0,-,14.0,271.0,0.0
9/6/16,-,0.0,89.0,0.0,-,13.0,271.0,0.0
9/7/16,-,1.0,73.0,0.0,-,14.0,268.0,0.0
9/8/16,-,2.0,95.0,0.0,-,14.0,272.0,0.0
9/9/16,-,0.0,64.0,1.0,-,13.0,276.0,1.0
9/10/16,-,0.0,58.0,0.0,-,12.0,276.0,1.0
9/11/16,-,3.0,58.0,0.0,-,12.0,273.0,1.0
9/12/16,-,0.0,51.0,0.0,-,12.0,278.0,1.0
9/13/16,-,1.0,56.0,0.0,-,12.0,276.0,1.0
9/14/16,-,0.0,85.0,0.0,-,12.0,285.0,1.0
9/15/16,-,1.0,65.0,0.0,-,13.0,285.0,1.0
9/16/16,-,0.0,69.0,0.0,-,12.0,286.0,1.0
9/17/16,-,0.0,59.0,0.0,-,11.0,285.0,1.0
9/18/16,-,2.0,62.0,0.0,-,13.0,287.0,1.0
9/19/16,-,0.0,72.0,0.0,-,13.0,291.0,1.0
9/20/16,-,0.0,110.0,0.0,-,12.0,294.0,1.0
9/21/16,-,3.0,82.0,0.0,-,13.0,293.0,1.0
9/22/16,-,0.0,86.0,0.0,-,13.0,295.0,1.0
9/23/16,-,3.0,110.0,0.0,-,13.0,292.0,1.0
9/24/16,-,0.0,106.0,0.0,-,13.0,294.0,1.0
9/25/16,-,7.0,101.0,0.0,-,14.0,292.0,1.0
9/26/16,-,17.0,109.0,0.0,-,14.0,295.0,1.0
9/27/16,-,7.0,85.0,0.0,-,13.0,290.0,1.0
9/28/16,-,8.0,155.0,0.0,-,13.0,298.0,1.0
9/29/16,-,10.0,73.0,0.0,-,13.0,298.0,1.0
9/30/16,-,4.0,64.0,0.0,-,13.0,296.0,1.0
10/1/16,-,4.0,46.0,3.0,-,12.0,295.0,2.0
10/2/16,-,9.0,45.0,0.0,-,12.0,293.0,2.0
10/3/16,-,8.0,252.0,0.0,-,13.0,292.0,2.0
10/4/16,-,9.0,84.0,0.0,-,14.0,293.0,2.0
10/5/16,-,5.0,191.0,0.0,-,14.0,295.0,2.0
10/6/16,-,5.0,125.0,0.0,-,15.0,292.0,2.0
10/7/16,-,8.0,95.0,0.0,-,16.0,292.0,2.0
10/8/16,-,10.0,96.0,0.0,-,15.0,290.0,2.0
10/9/16,-,10.0,87.0,0.0,-,15.0,290.0,1.0
10/10/16,-,10.0,144.0,0.0,-,16.0,291.0,1.0
10/11/16,-,5.0,94.0,0.0,-,16.0,291.0,1.0
10/12/16,-,8.0,165.0,0.0,-,18.0,294.0,1.0
10/13/16,-,4.0,124.0,0.0,-,18.0,296.0,1.0
10/14/16,-,9.0,212.0,0.0,-,18.0,294.0,1.0
10/15/16,-,11.0,101.0,2.0,-,18.0,294.0,1.0
10/16/16,-,6.0,112.0,0.0,-,18.0,294.0,1.0
10/17/16,-,6.0,73.0,0.0,-,18.0,293.0,1.0
10/18/16,-,4.0,47.0,0.0,-,16.0,291.0,1.0
10/19/16,-,7.0,119.0,0.0,-,17.0,293.0,1.0
10/20/16,-,6.0,88.0,0.0,-,18.0,290.0,1.0
10/21/16,-,7.0,76.0,0.0,-,18.0,292.0,1.0
10/22/16,-,8.0,121.0,0.0,-,19.0,288.0,1.0
10/23/16,-,8.0,127.0,0.0,-,18.0,292.0,1.0
10/24/16,-,12.0,120.0,0.0,-,21.0,292.0,1.0
10/25/16,-,10.0,89.0,0.0,-,22.0,292.0,1.0
10/26/16,-,6.0,71.0,0.0,-,22.0,291.0,1.0
10/27/16,-,13.0,117.0,0.0,-,23.0,286.0,1.0
10/28/16,-,3.0,107.0,0.0,-,23.0,283.0,1.0
10/29/16,-,35.0,61.0,0.0,-,24.0,279.0,1.0
10/30/16,-,3.0,84.0,0.0,-,24.0,279.0,1.0
10/31/16,-,4.0,65.0,0.0,-,24.0,279.0,1.0
11/1/16,-,6.0,71.0,0.0,-,25.0,283.0,1.0
11/2/16,-,4.0,59.0,0.0,-,25.0,283.0,1.0
11/3/16,-,6.0,80.0,0.0,-,24.0,285.0,1.0
11/4/16,-,9.0,106.0,0.0,-,25.0,287.0,1.0
11/5/16,-,4.0,78.0,0.0,-,24.0,292.0,1.0
11/6/16,-,8.0,63.0,0.0,-,23.0,290.0,1.0
11/7/16,-,4.0,97.0,0.0,-,24.0,290.0,1.0
11/8/16,-,0.0,72.0,0.0,-,24.0,293.0,1.0
11/9/16,-,13.0,80.0,0.0,-,25.0,293.0,1.0
11/10/16,-,0.0,87.0,0.0,-,25.0,290.0,1.0
11/11/16,-,3.0,114.0,0.0,-,25.0,291.0,1.0
11/12/16,-,3.0,64.0,0.0,-,25.0,291.0,1.0
11/13/16,-,4.0,80.0,0.0,-,23.0,290.0,1.0
11/14/16,-,5.0,82.0,0.0,-,22.0,285.0,0.0
11/15/16,-,0.0,98.0,0.0,-,22.0,288.0,0.0
11/16/16,-,1.0,100.0,0.0,-,22.0,288.0,0.0
11/17/16,-,5.0,83.0,0.0,-,23.0,290.0,0.0
11/18/16,-,1.0,69.0,0.0,-,22.0,292.0,0.0
11/19/16,-,4.0,72.0,0.0,-,22.0,294.0,0.0
11/20/16,-,2.0,86.0,0.0,-,21.0,293.0,0.0
11/21/16,-,0.0,94.0,0.0,-,21.0,296.0,0.0
11/22/16,-,0.0,84.0,0.0,-,20.0,303.0,0.0
11/23/16,-,1.0,61.0,0.0,-,18.0,301.0,0.0
11/24/16,-,1.0,63.0,0.0,-,18.0,305.0,0.0
11/25/16,-,0.0,95.0,0.0,-,18.0,307.0,0.0
11/26/16,-,0.0,55.0,0.0,-,17.0,305.0,0.0
11/27/16,-,1.0,68.0,0.0,-,17.0,303.0,0.0
11/28/16,-,0.0,54.0,0.0,-,16.0,305.0,0.0
11/29/16,-,0.0,77.0,0.0,-,16.0,305.0,0.0
11/30/16,-,2.0,107.0,0.0,-,17.0,309.0,0.0
12/1/16,-,1.0,87.0,0.0,-,17.0,314.0,0.0
12/2/16,-,0.0,72.0,0.0,-,16.0,320.0,0.0
12/3/16,-,1.0,62.0,0.0,-,16.0,319.0,0.0
12/4/16,-,0.0,108.0,0.0,-,16.0,322.0,0.0
12/5/16,-,2.0,105.0,0.0,-,17.0,327.0,0.0
12/6/16,-,2.0,88.0,0.0,-,17.0,330.0,0.0
12/7/16,-,1.0,31.0,0.0,-,16.0,328.0,0.0
12/8/16,-,3.0,65.0,0.0,-,16.0,333.0,0.0
12/9/16,-,0.0,90.0,0.0,-,15.0,329.0,0.0
12/10/16,-,0.0,79.0,0.0,-,15.0,327.0,0.0
12/11/16,-,2.0,76.0,0.0,-,16.0,327.0,0.0
12/12/16,-,2.0,71.0,0.0,-,17.0,328.0,0.0
12/13/16,-,5.0,53.0,0.0,-,18.0,329.0,0.0
12/14/16,-,2.0,62.0,0.0,-,17.0,323.0,0.0
12/15/16,-,0.0,73.0,0.0,-,17.0,323.0,0.0
12/16/16,-,0.0,65.0,0.0,-,16.0,314.0,0.0
12/17/16,-,0.0,66.0,0.0,-,14.0,313.0,0.0
12/18/16,-,0.0,68.0,0.0,-,14.0,309.0,0.0
12/19/16,-,0.0,77.0,0.0,-,13.0,308.0,0.0
12/20/16,-,1.0,55.0,0.0,-,12.0,309.0,0.0
12/21/16,-,0.0,68.0,0.0,-,12.0,309.0,0.0
12/22/16,-,2.0,73.0,0.0,-,12.0,302.0,0.0
12/23/16,-,1.0,38.0,0.0,-,13.0,302.0,0.0
12/24/16,-,3.0,77.0,0.0,-,13.0,300.0,0.0
12/25/16,-,2.0,49.0,0.0,-,13.0,298.0,0.0
12/26/16,-,0.0,60.0,0.0,-,13.0,299.0,0.0
12/27/16,-,1.0,78.0,0.0,-,12.0,301.0,0.0
12/28/16,-,0.0,55.0,0.0,-,12.0,300.0,0.0
12/29/16,-,0.0,74.0,0.0,-,12.0,295.0,0.0
12/30/16,-,0.0,66.0,0.0,-,10.0,291.0,0.0
12/31/16,-,0.0,65.0,0.0,-,9.0,288.0,0.0
1/1/17,-,2.0,56.0,0.0,-,10.0,286.0,0.0
1/2/17,-,0.0,67.0,0.0,-,9.0,281.0,0.0
1/3/17,-,1.0,60.0,0.0,-,9.0,280.0,0.0
1/4/17,-,0.0,43.0,0.0,-,9.0,279.0,0.0
1/5/17,-,3.0,89.0,0.0,-,10.0,280.0,0.0
1/6/17,-,0.0,90.0,0.0,-,10.0,281.0,0.0
1/7/17,-,0.0,81.0,0.0,-,10.0,279.0,0.0
1/8/17,-,2.0,55.0,0.0,-,11.0,281.0,0.0
1/9/17,-,0.0,50.0,0.0,-,11.0,283.0,0.0
1/10/17,-,0.0,60.0,0.0,-,10.0,286.0,0.0
1/11/17,-,0.0,74.0,0.0,-,10.0,281.0,0.0
1/12/17,-,5.0,92.0,0.0,-,11.0,287.0,0.0
1/13/17,-,1.0,90.0,0.0,-,9.0,288.0,0.0
1/14/17,-,0.0,84.0,0.0,-,9.0,286.0,0.0
1/15/17,-,1.0,89.0,0.0,-,9.0,291.0,0.0
1/16/17,-,1.0,70.0,0.0,-,10.0,293.0,0.0
1/17/17,-,0.0,118.0,0.0,-,10.0,295.0,0.0
1/18/17,-,0.0,100.0,0.0,-,10.0,298.0,0.0
1/19/17,-,0.0,62.0,0.0,-,10.0,300.0,0.0
1/20/17,-,0.0,91.0,1.0,-,10.0,300.0,1.0
1/21/17,-,3.0,71.0,0.0,-,10.0,301.0,1.0
1/22/17,-,2.0,82.0,0.0,-,11.0,305.0,1.0
1/23/17,-,0.0,57.0,0.0,-,11.0,301.0,1.0
1/24/17,-,0.0,85.0,0.0,-,11.0,308.0,1.0
1/25/17,-,1.0,97.0,0.0,-,11.0,308.0,1.0
1/26/17,-,2.0,76.0,0.0,-,10.0,315.0,1.0
1/27/17,-,1.0,54.0,0.0,-,11.0,313.0,1.0
1/28/17,-,0.0,45.0,0.0,-,11.0,310.0,1.0
1/29/17,-,1.0,65.0,0.0,-,12.0,316.0,1.0
1/30/17,-,0.0,88.0,0.0,-,12.0,316.0,1.0
1/31/17,-,2.0,79.0,0.0,-,12.0,317.0,1.0
2/1/17,-,5.0,71.0,0.0,-,13.0,317.0,1.0
2/2/17,-,1.0,55.0,1.0,-,13.0,320.0,2.0
2/3/17,-,3.0,81.0,0.0,-,14.0,317.0,2.0
2/4/17,-,0.0,94.0,0.0,-,12.0,319.0,2.0
2/5/17,-,0.0,100.0,0.0,-,12.0,320.0,2.0
2/6/17,-,3.0,60.0,0.0,-,12.0,321.0,2.0
2/7/17,-,0.0,88.0,0.0,-,12.0,324.0,2.0
2/8/17,-,0.0,78.0,0.0,-,12.0,321.0,2.0
2/9/17,-,0.0,71.0,0.0,-,12.0,326.0,2.0
2/10/17,-,0.0,88.0,0.0,-,12.0,320.0,2.0
2/11/17,-,2.0,39.0,0.0,-,13.0,314.0,2.0
2/12/17,-,0.0,78.0,0.0,-,12.0,317.0,2.0
2/13/17,-,1.0,77.0,0.0,-,13.0,316.0,2.0
2/14/17,-,1.0,78.0,0.0,-,12.0,312.0,2.0
2/15/17,-,1.0,101.0,0.0,-,13.0,316.0,2.0
2/16/17,-,0.0,67.0,0.0,-,13.0,314.0,2.0
2/17/17,-,0.0,65.0,0.0,-,13.0,315.0,2.0
2/18/17,-,2.0,85.0,0.0,-,14.0,303.0,2.0
2/19/17,-,0.0,68.0,0.0,-,14.0,302.0,1.0
2/20/17,-,0.0,89.0,0.0,-,14.0,303.0,1.0
2/21/17,-,0.0,121.0,0.0,-,13.0,302.0,1.0
2/22/17,-,0.0,107.0,0.0,-,13.0,309.0,1.0
2/23/17,-,0.0,89.0,0.0,-,13.0,307.0,1.0
2/24/17,-,0.0,78.0,0.0,-,13.0,309.0,1.0
2/25/17,-,0.0,89.0,0.0,-,12.0,309.0,1.0
2/26/17,-,0.0,73.0,0.0,-,11.0,310.0,1.0
2/27/17,-,0.0,119.0,0.0,-,11.0,315.0,1.0
2/28/17,-,0.0,92.0,0.0,-,10.0,310.0,1.0
3/1/17,-,1.0,65.0,0.0,-,11.0,316.0,1.0
3/2/17,-,4.0,90.0,0.0,-,11.0,316.0,1.0
3/3/17,-,1.0,57.0,0.0,-,12.0,319.0,1.0
3/4/17,-,0.0,77.0,0.0,-,12.0,319.0,0.0
3/5/17,-,4.0,90.0,0.0,-,14.0,323.0,0.0
3/6/17,-,8.0,43.0,0.0,-,15.0,321.0,0.0
3/7/17,-,0.0,68.0,0.0,-,15.0,319.0,0.0
3/8/17,-,5.0,84.0,0.0,-,15.0,317.0,0.0
3/9/17,-,1.0,93.0,6.0,-,15.0,322.0,1.0
3/10/17,-,1.0,74.0,0.0,-,16.0,329.0,1.0
3/11/17,-,0.0,52.0,0.0,-,16.0,328.0,1.0
3/12/17,-,1.0,84.0,0.0,-,8.0,162.0,1.0
3/13/17,-,2.0,57.0,0.0,-,14.0,327.0,1.0
3/14/17,-,2.0,59.0,0.0,-,14.0,330.0,1.0
3/15/17,-,1.0,112.0,0.0,-,14.0,340.0,1.0
3/16/17,-,0.0,56.0,0.0,-,13.0,334.0,1.0
3/17/17,-,2.0,120.0,0.0,-,13.0,329.0,1.0
3/18/17,-,17.0,130.0,0.0,-,14.0,331.0,1.0
3/19/17,-,0.0,81.0,0.0,-,6.0,153.0,1.0
3/20/17,-,0.0,75.0,0.0,-,9.0,229.0,1.0
3/21/17,-,1.0,57.0,0.0,-,10.0,234.0,1.0
3/22/17,-,1.0,81.0,2.0,-,11.0,301.0,2.0
3/23/17,-,0.0,77.0,0.0,-,11.0,301.0,2.0
3/24/17,-,0.0,120.0,0.0,-,11.0,306.0,2.0
3/25/17,-,2.0,78.0,0.0,-,11.0,299.0,2.0
3/26/17,-,2.0,60.0,0.0,-,15.0,341.0,2.0
3/27/17,-,1.0,76.0,0.0,-,15.0,337.0,2.0
3/28/17,-,1.0,76.0,0.0,-,16.0,341.0,2.0
3/29/17,-,0.0,88.0,0.0,-,16.0,343.0,2.0
3/30/17,-,0.0,72.0,0.0,-,16.0,341.0,2.0
3/31/17,-,0.0,86.0,0.0,-,16.0,340.0,2.0
4/1/17,-,2.0,94.0,0.0,-,16.0,340.0,2.0
4/2/17,-,0.0,87.0,0.0,-,16.0,334.0,2.0
4/3/17,-,0.0,71.0,0.0,-,16.0,334.0,2.0
4/4/17,-,0.0,117.0,0.0,-,14.0,336.0,2.0
4/5/17,-,1.0,97.0,0.0,-,13.0,334.0,2.0
4/6/17,-,0.0,86.0,0.0,-,13.0,338.0,2.0
4/7/17,-,0.0,94.0,0.0,-,12.0,340.0,2.0
4/8/17,-,0.0,59.0,0.0,-,11.0,337.0,1.0
4/9/17,-,2.0,79.0,0.0,-,12.0,335.0,1.0
4/10/17,-,0.0,53.0,0.0,-,12.0,336.0,1.0
4/11/17,-,0.0,65.0,0.0,-,12.0,340.0,1.0
4/12/17,-,0.0,72.0,0.0,-,11.0,338.0,1.0
4/13/17,-,2.0,51.0,0.0,-,12.0,336.0,1.0
4/14/17,-,0.0,50.0,0.0,-,11.0,334.0,1.0
4/15/17,-,3.0,119.0,0.0,-,13.0,334.0,1.0
4/16/17,-,0.0,58.0,0.0,-,12.0,336.0,1.0
4/17/17,-,0.0,75.0,0.0,-,11.0,338.0,1.0
4/18/17,-,0.0,91.0,0.0,-,11.0,335.0,1.0
4/19/17,-,0.0,109.0,0.0,-,11.0,331.0,1.0
4/20/17,-,0.0,132.0,0.0,-,10.0,324.0,1.0
4/21/17,-,1.0,99.0,0.0,-,10.0,322.0,0.0
4/22/17,-,0.0,86.0,0.0,-,10.0,322.0,0.0
4/23/17,-,3.0,68.0,0.0,-,11.0,317.0,0.0
4/24/17,-,1.0,66.0,0.0,-,12.0,321.0,0.0
4/25/17,-,0.0,68.0,0.0,-,11.0,320.0,0.0
4/26/17,-,4.0,58.0,0.0,-,11.0,321.0,0.0
4/27/17,-,1.0,82.0,0.0,-,11.0,316.0,0.0
4/28/17,-,2.0,83.0,0.0,-,12.0,312.0,0.0
4/29/17,-,0.0,55.0,0.0,-,12.0,310.0,0.0
4/30/17,-,0.0,84.0,0.0,-,12.0,306.0,0.0
5/1/17,-,1.0,70.0,0.0,-,12.0,307.0,0.0
5/2/17,-,1.0,64.0,0.0,-,12.0,307.0,0.0
5/3/17,-,1.0,58.0,0.0,-,13.0,300.0,0.0
5/4/17,-,2.0,67.0,0.0,-,13.0,295.0,0.0
5/5/17,-,0.0,99.0,0.0,-,12.0,288.0,0.0
5/6/17,-,0.0,69.0,0.0,-,12.0,279.0,0.0
5/7/17,-,0.0,56.0,0.0,-,12.0,279.0,0.0
5/8/17,-,1.0,40.0,0.0,-,13.0,278.0,0.0
5/9/17,-,1.0,57.0,0.0,-,13.0,279.0,0.0
5/10/17,-,0.0,69.0,0.0,-,13.0,287.0,0.0
5/11/17,-,0.0,75.0,0.0,-,13.0,288.0,0.0
5/12/17,-,2.0,51.0,0.0,-,14.0,288.0,0.0
5/13/17,-,3.0,72.0,0.0,-,16.0,288.0,0.0
5/14/17,-,1.0,70.0,0.0,-,16.0,291.0,0.0
5/15/17,-,0.0,76.0,0.0,-,14.0,283.0,0.0
5/16/17,-,5.0,107.0,0.0,-,16.0,279.0,0.0
5/17/17,-,4.0,106.0,0.0,-,17.0,272.0,0.0
5/18/17,-,5.0,92.0,0.0,-,17.0,278.0,0.0
5/19/17,-,3.0,85.0,0.0,-,17.0,272.0,0.0
5/20/17,-,2.0,56.0,0.0,-,17.0,269.0,0.0
5/21/17,-,6.0,63.0,0.0,-,16.0,264.0,0.0
5/22/17,-,2.0,74.0,0.0,-,16.0,261.0,0.0
5/23/17,-,4.0,69.0,0.0,-,16.0,262.0,0.0
5/24/17,-,1.0,73.0,0.0,-,16.0,264.0,0.0
5/25/17,-,1.0,61.0,0.0,-,17.0,263.0,0.0
5/26/17,-,0.0,108.0,0.0,-,16.0,254.0,0.0
5/27/17,-,2.0,84.0,0.0,-,16.0,256.0,0.0
5/28/17,-,0.0,71.0,0.0,-,16.0,255.0,0.0
5/29/17,-,0.0,77.0,0.0,-,16.0,262.0,0.0
5/30/17,-,0.0,67.0,0.0,-,16.0,264.0,0.0
5/31/17,-,1.0,80.0,0.0,-,16.0,267.0,0.0
6/1/17,-,0.0,70.0,0.0,-,15.0,267.0,0.0
6/2/17,-,0.0,56.0,0.0,-,15.0,268.0,0.0
6/3/17,-,0.0,33.0,0.0,-,14.0,264.0,0.0
6/4/17,-,0.0,62.0,0.0,-,14.0,265.0,0.0
6/5/17,-,1.0,79.0,0.0,-,15.0,268.0,0.0
6/6/17,-,0.0,59.0,0.0,-,15.0,269.0,0.0
6/7/17,-,1.0,58.0,0.0,-,14.0,268.0,0.0
6/8/17,-,0.0,66.0,0.0,-,13.0,270.0,0.0
6/9/17,-,1.0,93.0,0.0,-,14.0,265.0,0.0
6/10/17,-,0.0,76.0,0.0,-,14.0,256.0,0.0
6/11/17,-,1.0,69.0,0.0,-,13.0,254.0,0.0
6/12/17,-,0.0,44.0,0.0,-,12.0,251.0,0.0
6/13/17,-,0.0,96.0,0.0,-,11.0,255.0,0.0
6/14/17,-,1.0,81.0,0.0,-,12.0,256.0,0.0
6/15/17,-,1.0,73.0,0.0,-,11.0,261.0,0.0
6/16/17,-,1.0,54.0,0.0,-,11.0,265.0,0.0
6/17/17,-,4.0,59.0,0.0,-,12.0,262.0,0.0
6/18/17,-,1.0,60.0,0.0,-,13.0,260.0,0.0
6/19/17,-,1.0,53.0,0.0,-,14.0,262.0,0.0
6/20/17,-,1.0,71.0,0.0,-,15.0,262.0,0.0
6/21/17,-,0.0,63.0,0.0,-,15.0,265.0,0.0
6/22/17,-,0.0,90.0,0.0,-,13.0,269.0,0.0
6/23/17,-,0.0,64.0,0.0,-,13.0,271.0,0.0
6/24/17,-,6.0,77.0,0.0,-,14.0,270.0,0.0
6/25/17,-,1.0,60.0,0.0,-,14.0,267.0,0.0
6/26/17,-,0.0,55.0,0.0,-,13.0,264.0,0.0
6/27/17,-,1.0,87.0,0.0,-,13.0,270.0,0.0
6/28/17,-,0.0,66.0,0.0,-,13.0,264.0,0.0
6/29/17,-,2.0,86.0,0.0,-,14.0,267.0,0.0
6/30/17,-,3.0,56.0,0.0,-,13.0,261.0,0.0
7/1/17,-,3.0,66.0,0.0,-,13.0,263.0,0.0
7/2/17,-,28.0,68.0,0.0,-,15.0,263.0,0.0
7/3/17,-,30.0,97.0,0.0,-,15.0,259.0,0.0
7/4/17,-,2.0,82.0,0.0,-,15.0,258.0,0.0
7/5/17,-,0.0,53.0,0.0,-,14.0,261.0,0.0
7/6/17,-,15.0,55.0,0.0,-,15.0,264.0,0.0
7/7/17,-,44.0,74.0,0.0,-,14.0,260.0,0.0
7/8/17,-,0.0,47.0,0.0,-,14.0,256.0,0.0
7/9/17,-,30.0,66.0,0.0,-,13.0,259.0,0.0
7/10/17,-,42.0,52.0,0.0,-,14.0,259.0,0.0
7/11/17,-,32.0,98.0,0.0,-,13.0,259.0,0.0
7/12/17,-,6.0,57.0,0.0,-,13.0,261.0,0.0
7/13/17,-,2.0,53.0,0.0,-,14.0,255.0,0.0
7/14/17,-,30.0,89.0,0.0,-,14.0,260.0,0.0
7/15/17,-,0.0,94.0,3.0,-,14.0,262.0,1.0
7/16/17,-,39.0,87.0,0.0,-,14.0,259.0,1.0
7/17/17,-,29.0,71.0,0.0,-,13.0,259.0,1.0
7/18/17,-,23.0,53.0,0.0,-,12.0,264.0,1.0
7/19/17,-,28.0,121.0,0.0,-,11.0,265.0,1.0
7/20/17,-,15.0,81.0,0.0,-,10.0,265.0,1.0
7/21/17,-,0.0,71.0,0.0,-,10.0,261.0,1.0
7/22/17,-,1.0,63.0,0.0,-,11.0,259.0,1.0
7/23/17,-,32.0,40.0,0.0,-,12.0,259.0,1.0
7/24/17,-,0.0,75.0,0.0,-,10.0,260.0,1.0
7/25/17,-,0.0,83.0,0.0,-,9.0,255.0,1.0
7/26/17,-,0.0,89.0,0.0,-,9.0,259.0,1.0
7/27/17,-,0.0,80.0,0.0,-,8.0,256.0,1.0
7/28/17,-,0.0,78.0,1.0,-,8.0,260.0,1.0
7/29/17,-,0.0,70.0,0.0,-,8.0,258.0,1.0
7/30/17,-,0.0,75.0,0.0,-,8.0,256.0,1.0
7/31/17,-,0.0,79.0,0.0,-,7.0,251.0,1.0
8/1/17,-,0.0,65.0,0.0,-,6.0,251.0,1.0
8/2/17,-,0.0,75.0,0.0,-,6.0,252.0,1.0
8/3/17,-,0.0,86.0,0.0,-,6.0,255.0,1.0
8/4/17,-,0.0,80.0,0.0,-,6.0,255.0,1.0
8/5/17,-,0.0,59.0,0.0,-,5.0,258.0,1.0
8/6/17,-,0.0,68.0,0.0,-,5.0,261.0,1.0
8/7/17,-,0.0,62.0,0.0,-,5.0,260.0,1.0
8/8/17,-,2.0,70.0,0.0,-,7.0,260.0,1.0
8/9/17,-,0.0,85.0,0.0,-,6.0,262.0,1.0
8/10/17,-,0.0,85.0,0.0,-,6.0,262.0,1.0
8/11/17,-,1.0,95.0,0.0,-,7.0,262.0,1.0
8/12/17,-,2.0,108.0,0.0,-,6.0,267.0,1.0
8/13/17,-,5.0,111.0,0.0,-,6.0,271.0,1.0
8/14/17,-,1.0,136.0,0.0,-,7.0,267.0,1.0
8/15/17,-,2.0,153.0,0.0,-,8.0,272.0,1.0
8/16/17,-,0.0,126.0,0.0,-,8.0,268.0,1.0
8/17/17,-,0.0,98.0,0.0,-,8.0,264.0,1.0
8/18/17,-,31.0,104.0,0.0,-,9.0,269.0,1.0
8/19/17,-,0.0,59.0,0.0,-,9.0,271.0,1.0
8/20/17,-,0.0,72.0,0.0,-,9.0,271.0,1.0
8/21/17,-,1.0,141.0,0.0,-,9.0,269.0,1.0
8/22/17,-,1.0,114.0,0.0,-,7.0,271.0,1.0
8/23/17,-,0.0,61.0,0.0,-,7.0,270.0,1.0
8/24/17,-,0.0,99.0,0.0,-,7.0,273.0,1.0
8/25/17,-,0.0,75.0,0.0,-,7.0,272.0,1.0
8/26/17,-,2.0,61.0,0.0,-,9.0,269.0,1.0
8/27/17,-,5.0,112.0,0.0,-,10.0,273.0,0.0
8/28/17,-,1.0,109.0,0.0,-,11.0,273.0,0.0
8/29/17,-,9.0,83.0,0.0,-,13.0,276.0,0.0
8/30/17,-,2.0,112.0,0.0,-,13.0,277.0,0.0
8/31/17,-,1.0,66.0,0.0,-,13.0,272.0,0.0
9/1/17,-,0.0,52.0,0.0,-,13.0,270.0,0.0
9/2/17,-,0.0,70.0,0.0,-,13.0,268.0,0.0
9/3/17,-,0.0,103.0,0.0,-,13.0,265.0,0.0
9/4/17,-,0.0,91.0,0.0,-,13.0,270.0,0.0
9/5/17,-,2.0,90.0,0.0,-,14.0,269.0,0.0
9/6/17,-,0.0,73.0,0.0,-,14.0,268.0,0.0
9/7/17,-,0.0,120.0,1.0,-,12.0,272.0,1.0
9/8/17,-,0.0,106.0,0.0,-,12.0,272.0,1.0
9/9/17,-,0.0,91.0,0.0,-,12.0,273.0,1.0
9/10/17,-,0.0,89.0,0.0,-,12.0,278.0,1.0
9/11/17,-,0.0,172.0,0.0,-,12.0,279.0,1.0
9/12/17,-,0.0,115.0,0.0,-,11.0,283.0,1.0
9/13/17,-,0.0,83.0,0.0,-,11.0,286.0,1.0
9/14/17,-,0.0,82.0,0.0,-,9.0,283.0,1.0
9/15/17,-,0.0,91.0,0.0,-,9.0,276.0,1.0
9/16/17,-,8.0,75.0,0.0,-,10.0,279.0,1.0
9/17/17,-,3.0,75.0,0.0,-,10.0,276.0,1.0
9/18/17,-,0.0,123.0,0.0,-,10.0,277.0,1.0
9/19/17,-,0.0,106.0,0.0,-,10.0,280.0,1.0
9/20/17,-,1.0,95.0,0.0,-,11.0,287.0,1.0
9/21/17,-,0.0,101.0,0.0,-,10.0,287.0,1.0
9/22/17,-,1.0,90.0,0.0,-,11.0,288.0,1.0
9/23/17,-,12.0,50.0,0.0,-,15.0,285.0,1.0
9/24/17,-,9.0,120.0,0.0,-,15.0,292.0,1.0
9/25/17,-,4.0,113.0,0.0,-,13.0,298.0,1.0
9/26/17,-,0.0,82.0,0.0,-,12.0,296.0,1.0
9/27/17,-,1.0,114.0,0.0,-,12.0,301.0,1.0
9/28/17,-,2.0,88.0,0.0,-,12.0,295.0,1.0
9/29/17,-,0.0,95.0,0.0,-,12.0,296.0,1.0
9/30/17,-,4.0,101.0,0.0,-,12.0,295.0,1.0
10/1/17,-,0.0,79.0,0.0,-,12.0,298.0,1.0
10/2/17,-,0.0,71.0,0.0,-,12.0,299.0,1.0
10/3/17,-,0.0,75.0,0.0,-,12.0,298.0,1.0
10/4/17,-,2.0,120.0,0.0,-,13.0,295.0,1.0
10/5/17,-,0.0,91.0,0.0,-,12.0,292.0,1.0
10/6/17,-,0.0,124.0,0.0,-,12.0,299.0,1.0
10/7/17,-,0.0,132.0,0.0,-,12.0,299.0,0.0
10/8/17,-,0.0,125.0,0.0,-,12.0,302.0,0.0
10/9/17,-,0.0,112.0,0.0,-,12.0,302.0,0.0
10/10/17,-,2.0,108.0,0.0,-,14.0,305.0,0.0
10/11/17,-,0.0,116.0,0.0,-,14.0,305.0,0.0
10/12/17,-,0.0,100.0,0.0,-,14.0,306.0,0.0
10/13/17,-,0.0,110.0,0.0,-,14.0,301.0,0.0
10/14/17,-,0.0,113.0,0.0,-,14.0,305.0,0.0
10/15/17,-,0.0,92.0,0.0,-,14.0,307.0,0.0
10/16/17,-,0.0,109.0,0.0,-,14.0,313.0,0.0
10/17/17,-,0.0,162.0,0.0,-,12.0,312.0,0.0
10/18/17,-,0.0,103.0,0.0,-,12.0,315.0,0.0
10/19/17,-,0.0,81.0,0.0,-,12.0,314.0,0.0
10/20/17,-,0.0,118.0,0.0,-,11.0,315.0,0.0
10/21/17,-,0.0,105.0,0.0,-,11.0,321.0,0.0
10/22/17,-,2.0,171.0,0.0,-,11.0,323.0,0.0
10/23/17,-,1.0,126.0,0.0,-,8.0,333.0,0.0
10/24/17,-,4.0,140.0,0.0,-,9.0,330.0,0.0
10/25/17,-,1.0,99.0,0.0,-,9.0,329.0,0.0
10/26/17,-,0.0,144.0,0.0,-,9.0,336.0,0.0
10/27/17,-,0.0,148.0,0.0,-,8.0,331.0,0.0
10/28/17,-,0.0,160.0,0.0,-,8.0,333.0,0.0
10/29/17,-,3.0,200.0,0.0,-,11.0,334.0,0.0
10/30/17,-,22.0,139.0,0.0,-,12.0,337.0,0.0
10/31/17,-,2.0,109.0,0.0,-,13.0,340.0,0.0
11/1/17,-,8.0,90.0,0.0,-,14.0,338.0,0.0
11/2/17,-,8.0,90.0,0.0,-,15.0,347.0,0.0
11/3/17,-,6.0,137.0,0.0,-,14.0,347.0,0.0
11/4/17,-,1.0,108.0,0.0,-,15.0,350.0,0.0
11/5/17,-,3.0,109.0,0.0,-,15.0,355.0,0.0
11/6/17,-,1.0,93.0,0.0,-,15.0,354.0,0.0
11/7/17,-,0.0,131.0,0.0,-,15.0,356.0,0.0
11/8/17,-,0.0,172.0,0.0,-,15.0,353.0,0.0
11/9/17,-,1.0,122.0,0.0,-,14.0,350.0,0.0
11/10/17,-,3.0,110.0,0.0,-,14.0,350.0,0.0
11/11/17,-,3.0,86.0,0.0,-,14.0,353.0,0.0
11/12/17,-,2.0,134.0,0.0,-,14.0,355.0,0.0
11/13/17,-,1.0,91.0,0.0,-,14.0,356.0,0.0
11/14/17,-,6.0,106.0,0.0,-,15.0,348.0,0.0
11/15/17,-,0.0,157.0,0.0,-,15.0,341.0,0.0
11/16/17,-,2.0,105.0,0.0,-,16.0,341.0,0.0
11/17/17,-,1.0,114.0,0.0,-,17.0,340.0,0.0
11/18/17,-,0.0,105.0,0.0,-,17.0,337.0,0.0
11/19/17,-,0.0,88.0,0.0,-,17.0,344.0,0.0
11/20/17,-,3.0,123.0,0.0,-,17.0,348.0,0.0
11/21/17,-,0.0,95.0,0.0,-,16.0,347.0,0.0
11/22/17,-,0.0,121.0,0.0,-,16.0,344.0,0.0
11/23/17,-,0.0,118.0,0.0,-,16.0,343.0,0.0
11/24/17,-,1.0,114.0,0.0,-,16.0,340.0,0.0
11/25/17,-,0.0,91.0,0.0,-,16.0,344.0,0.0
11/26/17,-,0.0,83.0,0.0,-,16.0,349.0,0.0
11/27/17,-,2.0,141.0,0.0,-,17.0,346.0,0.0
11/28/17,-,8.0,96.0,0.0,-,16.0,350.0,0.0
11/29/17,-,5.0,85.0,0.0,-,17.0,348.0,0.0
11/30/17,-,1.0,135.0,0.0,-,17.0,350.0,0.0
12/1/17,-,0.0,126.0,0.0,-,15.0,352.0,0.0
12/2/17,-,2.0,95.0,0.0,-,16.0,348.0,0.0
12/3/17,-,0.0,186.0,0.0,-,15.0,348.0,0.0
12/4/17,-,0.0,134.0,0.0,-,14.0,350.0,0.0
12/5/17,-,0.0,168.0,0.0,-,14.0,353.0,0.0
12/6/17,-,1.0,209.0,0.0,-,14.0,366.0,0.0
12/7/17,-,7.0,126.0,0.0,-,14.0,363.0,0.0
12/8/17,-,0.0,115.0,0.0,-,14.0,365.0,0.0
12/9/17,-,1.0,77.0,0.0,-,14.0,363.0,0.0
12/10/17,-,2.0,145.0,0.0,-,15.0,363.0,0.0
12/11/17,-,2.0,145.0,0.0,-,16.0,365.0,0.0
12/12/17,-,0.0,111.0,0.0,-,15.0,366.0,0.0
12/13/17,-,3.0,153.0,0.0,-,14.0,365.0,0.0
12/14/17,-,0.0,108.0,0.0,-,12.0,371.0,0.0
12/15/17,-,3.0,89.0,0.0,-,13.0,371.0,0.0
12/16/17,-,8.0,97.0,0.0,-,13.0,365.0,0.0
12/17/17,-,4.0,71.0,0.0,-,13.0,359.0,0.0
12/18/17,-,1.0,119.0,0.0,-,13.0,360.0,0.0
12/19/17,-,0.0,100.0,0.0,-,13.0,363.0,0.0
12/20/17,-,0.0,115.0,0.0,-,12.0,361.0,0.0
12/21/17,-,0.0,110.0,0.0,-,12.0,362.0,0.0
12/22/17,-,0.0,94.0,0.0,-,12.0,366.0,0.0
12/23/17,-,0.0,67.0,0.0,-,12.0,366.0,0.0
12/24/17,-,1.0,73.0,0.0,-,12.0,369.0,0.0
12/25/17,-,0.0,74.0,0.0,-,12.0,369.0,0.0
12/26/17,-,1.0,95.0,0.0,-,12.0,369.0,0.0
12/27/17,-,0.0,68.0,0.0,-,12.0,369.0,0.0
12/28/17,-,0.0,119.0,0.0,-,10.0,367.0,0.0
12/29/17,-,0.0,132.0,0.0,-,9.0,369.0,0.0
12/30/17,-,1.0,111.0,0.0,-,10.0,369.0,0.0
12/31/17,-,0.0,100.0,0.0,-,10.0,371.0,0.0
1/1/18,-,0.0,100.0,0.0,-,8.0,372.0,0.0
1/2/18,-,0.0,88.0,0.0,-,8.0,373.0,0.0
1/3/18,-,12.0,70.0,0.0,-,10.0,372.0,0.0
1/4/18,-,0.0,128.0,0.0,-,10.0,377.0,0.0
1/5/18,-,2.0,109.0,0.0,-,10.0,369.0,0.0
1/6/18,-,3.0,68.0,0.0,-,10.0,366.0,0.0
1/7/18,-,2.0,62.0,0.0,-,11.0,365.0,0.0
1/8/18,-,1.0,79.0,0.0,-,11.0,374.0,0.0
1/9/18,-,0.0,99.0,0.0,-,10.0,378.0,0.0
1/10/18,-,2.0,57.0,0.0,-,12.0,375.0,0.0
1/11/18,-,1.0,59.0,0.0,-,12.0,363.0,0.0
1/12/18,-,1.0,93.0,0.0,-,13.0,365.0,0.0
1/13/18,-,0.0,79.0,0.0,-,13.0,360.0,0.0
1/14/18,-,1.0,101.0,0.0,-,12.0,354.0,0.0
1/15/18,-,1.0,90.0,0.0,-,11.0,355.0,0.0
1/16/18,-,6.0,79.0,0.0,-,11.0,356.0,0.0
1/17/18,-,3.0,113.0,0.0,-,11.0,360.0,0.0
1/18/18,-,0.0,97.0,0.0,-,11.0,357.0,0.0
1/19/18,-,0.0,72.0,0.0,-,11.0,359.0,0.0
1/20/18,-,3.0,89.0,0.0,-,12.0,359.0,0.0
1/21/18,-,1.0,111.0,0.0,-,12.0,360.0,0.0
1/22/18,-,2.0,117.0,0.0,-,13.0,360.0,0.0
1/23/18,-,3.0,142.0,0.0,-,13.0,368.0,0.0
1/24/18,-,11.0,125.0,0.0,-,14.0,379.0,0.0
1/25/18,-,11.0,106.0,0.0,-,14.0,383.0,0.0
1/26/18,-,7.0,108.0,0.0,-,14.0,380.0,0.0
1/27/18,-,7.0,126.0,0.0,-,15.0,377.0,0.0
1/28/18,-,7.0,107.0,0.0,-,16.0,373.0,0.0
1/29/18,-,0.0,117.0,0.0,-,16.0,385.0,0.0
1/30/18,-,1.0,118.0,0.0,-,17.0,383.0,0.0
1/31/18,-,0.0,97.0,0.0,-,17.0,378.0,0.0
2/1/18,-,1.0,107.0,0.0,-,17.0,379.0,0.0
2/2/18,-,2.0,94.0,0.0,-,16.0,379.0,0.0
2/3/18,-,0.0,106.0,0.0,-,16.0,377.0,0.0
2/4/18,-,1.0,152.0,0.0,-,16.0,377.0,0.0
2/5/18,-,1.0,162.0,0.0,-,16.0,384.0,0.0
2/6/18,-,0.0,104.0,0.0,-,16.0,391.0,0.0
2/7/18,-,1.0,101.0,0.0,-,16.0,391.0,0.0
2/8/18,-,0.0,130.0,0.0,-,16.0,395.0,0.0
2/9/18,-,0.0,81.0,0.0,-,15.0,402.0,0.0
2/10/18,-,0.0,117.0,0.0,-,14.0,402.0,0.0
2/11/18,-,1.0,105.0,0.0,-,13.0,402.0,0.0
2/12/18,-,8.0,97.0,0.0,-,13.0,406.0,0.0
2/13/18,-,0.0,143.0,0.0,-,13.0,408.0,0.0
2/14/18,-,0.0,120.0,0.0,-,13.0,412.0,0.0
2/15/18,-,0.0,81.0,0.0,-,13.0,408.0,0.0
2/16/18,-,0.0,113.0,0.0,-,13.0,406.0,0.0
2/17/18,-,2.0,107.0,0.0,-,14.0,409.0,0.0
2/18/18,-,3.0,88.0,0.0,-,14.0,408.0,0.0
2/19/18,-,2.0,92.0,0.0,-,14.0,404.0,0.0
2/20/18,-,2.0,153.0,0.0,-,15.0,408.0,0.0
2/21/18,-,0.0,93.0,0.0,-,14.0,404.0,0.0
2/22/18,-,2.0,152.0,0.0,-,14.0,401.0,0.0
2/23/18,-,0.0,166.0,0.0,-,13.0,397.0,0.0
2/24/18,-,10.0,113.0,0.0,-,13.0,397.0,0.0
2/25/18,-,4.0,98.0,0.0,-,13.0,398.0,0.0
2/26/18,-,2.0,119.0,0.0,-,12.0,397.0,0.0
2/27/18,-,0.0,161.0,0.0,-,11.0,397.0,0.0
2/28/18,-,0.0,102.0,0.0,-,11.0,391.0,0.0
3/1/18,-,1.0,132.0,0.0,-,11.0,389.0,0.0
3/2/18,-,0.0,154.0,0.0,-,11.0,384.0,0.0
3/3/18,-,0.0,81.0,0.0,-,11.0,384.0,0.0
3/4/18,-,2.0,104.0,0.0,-,10.0,379.0,0.0
3/5/18,-,1.0,189.0,0.0,-,10.0,381.0,0.0
3/6/18,-,1.0,153.0,0.0,-,10.0,381.0,0.0
3/7/18,-,11.0,83.0,0.0,-,10.0,384.0,0.0
3/8/18,-,5.0,150.0,0.0,-,10.0,383.0,0.0
3/9/18,-,0.0,185.0,0.0,-,10.0,378.0,0.0
3/10/18,-,11.0,91.0,0.0,-,10.0,378.0,0.0
3/11/18,-,3.0,107.0,0.0,-,10.0,372.0,0.0
3/12/18,-,3.0,196.0,0.0,-,10.0,380.0,0.0
3/13/18,-,8.0,205.0,0.0,-,12.0,378.0,0.0
3/14/18,-,3.0,130.0,0.0,-,13.0,381.0,0.0
3/15/18,-,0.0,115.0,0.0,-,13.0,385.0,0.0
3/16/18,-,4.0,104.0,0.0,-,14.0,384.0,0.0
3/17/18,-,3.0,86.0,0.0,-,14.0,384.0,0.0
3/18/18,-,3.0,166.0,0.0,-,15.0,384.0,0.0
3/19/18,-,3.0,121.0,0.0,-,14.0,391.0,0.0
3/20/18,-,8.0,123.0,0.0,-,15.0,390.0,0.0
3/21/18,-,4.0,125.0,0.0,-,13.0,396.0,0.0
3/22/18,-,5.0,97.0,0.0,-,13.0,396.0,0.0
3/23/18,-,0.0,145.0,0.0,-,13.0,396.0,0.0
3/24/18,-,0.0,113.0,0.0,-,11.0,400.0,0.0
3/25/18,-,0.0,132.0,0.0,-,11.0,401.0,0.0
3/26/18,-,0.0,137.0,0.0,-,11.0,400.0,0.0
3/27/18,-,1.0,126.0,0.0,-,10.0,407.0,0.0
3/28/18,-,1.0,154.0,0.0,-,11.0,401.0,0.0
3/29/18,-,0.0,105.0,0.0,-,11.0,385.0,0.0
3/30/18,-,11.0,126.0,0.0,-,13.0,384.0,0.0
3/31/18,-,0.0,62.0,0.0,-,12.0,380.0,0.0
4/1/18,-,1.0,79.0,0.0,-,13.0,378.0,0.0
4/2/18,-,5.0,94.0,0.0,-,14.0,380.0,0.0
4/3/18,-,0.0,142.0,0.0,-,14.0,391.0,0.0
4/4/18,-,0.0,139.0,0.0,-,14.0,398.0,0.0
4/5/18,-,0.0,165.0,0.0,-,14.0,400.0,0.0
4/6/18,-,2.0,94.0,0.0,-,14.0,396.0,0.0
4/7/18,-,1.0,98.0,0.0,-,14.0,395.0,0.0
4/8/18,-,2.0,108.0,0.0,-,14.0,400.0,0.0
4/9/18,-,5.0,126.0,0.0,-,16.0,406.0,0.0
4/10/18,-,5.0,104.0,0.0,-,16.0,403.0,0.0
4/11/18,-,1.0,128.0,0.0,-,16.0,401.0,0.0
4/12/18,-,0.0,92.0,0.0,-,14.0,400.0,0.0
4/13/18,-,0.0,84.0,0.0,-,13.0,396.0,0.0
4/14/18,-,0.0,92.0,0.0,-,13.0,389.0,0.0
4/15/18,-,0.0,58.0,0.0,-,12.0,390.0,0.0
4/16/18,-,1.0,140.0,0.0,-,13.0,392.0,0.0
4/17/18,-,1.0,131.0,0.0,-,12.0,402.0,0.0
4/18/18,-,6.0,108.0,0.0,-,13.0,400.0,0.0
4/19/18,-,0.0,116.0,0.0,-,12.0,401.0,0.0
4/20/18,-,4.0,100.0,0.0,-,12.0,397.0,0.0
4/21/18,-,0.0,97.0,0.0,-,11.0,397.0,0.0
4/22/18,-,2.0,98.0,0.0,-,11.0,390.0,0.0
4/23/18,-,0.0,132.0,0.0,-,11.0,400.0,0.0
4/24/18,-,0.0,141.0,0.0,-,11.0,403.0,0.0
4/25/18,-,0.0,91.0,0.0,-,11.0,401.0,0.0
4/26/18,-,0.0,87.0,0.0,-,11.0,398.0,0.0
4/27/18,-,1.0,138.0,0.0,-,10.0,401.0,0.0
4/28/18,-,1.0,143.0,0.0,-,10.0,411.0,0.0
4/29/18,-,1.0,72.0,0.0,-,8.0,409.0,0.0
4/30/18,-,2.0,111.0,0.0,-,9.0,417.0,0.0
5/1/18,-,0.0,95.0,0.0,-,8.0,420.0,0.0
5/2/18,-,8.0,91.0,0.0,-,10.0,420.0,0.0
5/3/18,-,0.0,105.0,0.0,-,10.0,417.0,0.0
5/4/18,-,1.0,150.0,0.0,-,11.0,414.0,0.0
5/5/18,-,0.0,103.0,0.0,-,11.0,411.0,0.0
5/6/18,-,0.0,116.0,0.0,-,11.0,406.0,0.0
5/7/18,-,1.0,157.0,0.0,-,11.0,408.0,0.0
5/8/18,-,1.0,167.0,0.0,-,11.0,409.0,0.0
5/9/18,-,1.0,131.0,0.0,-,12.0,408.0,0.0
5/10/18,-,1.0,113.0,0.0,-,11.0,408.0,0.0
5/11/18,-,0.0,103.0,0.0,-,11.0,409.0,0.0
5/12/18,-,1.0,83.0,0.0,-,12.0,414.0,0.0
5/13/18,-,1.0,92.0,0.0,-,12.0,414.0,0.0
5/14/18,-,1.0,196.0,0.0,-,12.0,413.0,0.0
5/15/18,-,1.0,125.0,0.0,-,13.0,417.0,0.0
5/16/18,-,3.0,112.0,0.0,-,13.0,420.0,0.0
5/17/18,-,2.0,157.0,0.0,-,12.0,419.0,0.0
5/18/18,-,7.0,124.0,0.0,-,11.0,423.0,0.0
5/19/18,-,2.0,109.0,0.0,-,12.0,424.0,0.0
5/20/18,-,0.0,154.0,0.0,-,12.0,423.0,0.0
5/21/18,-,2.0,133.0,0.0,-,12.0,424.0,0.0
5/22/18,-,10.0,147.0,0.0,-,11.0,425.0,0.0
5/23/18,-,1.0,199.0,0.0,-,11.0,423.0,0.0
5/24/18,-,2.0,187.0,0.0,-,12.0,425.0,0.0
5/25/18,-,0.0,133.0,0.0,-,12.0,419.0,0.0
5/26/18,-,5.0,117.0,0.0,-,13.0,423.0,0.0
5/27/18,-,0.0,100.0,0.0,-,13.0,418.0,0.0
5/28/18,-,0.0,136.0,0.0,-,13.0,415.0,0.0
5/29/18,-,1.0,156.0,0.0,-,13.0,414.0,0.0
5/30/18,-,1.0,148.0,0.0,-,14.0,413.0,0.0
5/31/18,-,0.0,115.0,0.0,-,14.0,411.0,0.0
6/1/18,-,0.0,116.0,0.0,-,13.0,412.0,0.0
6/2/18,-,0.0,92.0,0.0,-,13.0,418.0,0.0
6/3/18,-,0.0,83.0,0.0,-,13.0,415.0,0.0
6/4/18,-,0.0,96.0,0.0,-,13.0,422.0,0.0
6/5/18,-,0.0,147.0,0.0,-,13.0,423.0,0.0
6/6/18,-,3.0,120.0,0.0,-,13.0,423.0,0.0
6/7/18,-,0.0,95.0,0.0,-,12.0,419.0,0.0
6/8/18,-,2.0,101.0,0.0,-,12.0,423.0,0.0
6/9/18,-,0.0,102.0,0.0,-,12.0,419.0,0.0
6/10/18,-,0.0,109.0,0.0,-,12.0,424.0,0.0
6/11/18,-,0.0,120.0,0.0,-,11.0,420.0,0.0
6/12/18,-,2.0,95.0,0.0,-,12.0,422.0,0.0
6/13/18,-,1.0,190.0,0.0,-,12.0,428.0,0.0
6/14/18,-,0.0,116.0,0.0,-,11.0,426.0,0.0
6/15/18,-,12.0,120.0,0.0,-,13.0,429.0,0.0
6/16/18,-,0.0,134.0,0.0,-,13.0,429.0,0.0
6/17/18,-,0.0,133.0,0.0,-,13.0,423.0,0.0
6/18/18,-,0.0,78.0,0.0,-,12.0,417.0,0.0
6/19/18,-,0.0,137.0,0.0,-,12.0,415.0,0.0
6/20/18,-,3.0,142.0,0.0,-,13.0,419.0,0.0
6/21/18,-,3.0,110.0,0.0,-,12.0,414.0,0.0
6/22/18,-,4.0,135.0,0.0,-,12.0,418.0,0.0
6/23/18,-,1.0,100.0,0.0,-,11.0,412.0,0.0
6/24/18,-,9.0,103.0,0.0,-,11.0,411.0,0.0
6/25/18,-,3.0,113.0,0.0,-,11.0,414.0,0.0
6/26/18,-,0.0,124.0,0.0,-,11.0,414.0,0.0
6/27/18,-,1.0,148.0,0.0,-,11.0,415.0,0.0
6/28/18,-,7.0,124.0,0.0,-,10.0,419.0,0.0
6/29/18,-,2.0,127.0,0.0,-,11.0,415.0,0.0
6/30/18,-,1.0,139.0,0.0,-,12.0,417.0,0.0
7/1/18,-,16.0,126.0,0.0,-,12.0,423.0,0.0
7/2/18,-,13.0,182.0,0.0,-,12.0,422.0,0.0
7/3/18,-,0.0,150.0,0.0,-,12.0,423.0,0.0
7/4/18,-,0.0,122.0,0.0,-,12.0,425.0,0.0
7/5/18,-,3.0,97.0,0.0,-,12.0,424.0,0.0
7/6/18,-,5.0,104.0,0.0,-,11.0,418.0,0.0
7/7/18,-,8.0,106.0,0.0,-,11.0,417.0,0.0
7/8/18,-,3.0,84.0,0.0,-,11.0,406.0,0.0
7/9/18,-,7.0,128.0,0.0,-,11.0,406.0,0.0
7/10/18,-,7.0,142.0,0.0,-,11.0,414.0,0.0
7/11/18,-,7.0,122.0,0.0,-,12.0,412.0,0.0
7/12/18,-,2.0,125.0,0.0,-,11.0,408.0,0.0
7/13/18,-,1.0,126.0,0.0,-,11.0,402.0,0.0
7/14/18,-,3.0,112.0,0.0,-,12.0,407.0,0.0
7/15/18,-,3.0,121.0,0.0,-,9.0,404.0,0.0
7/16/18,-,4.0,132.0,0.0,-,9.0,404.0,0.0
7/17/18,-,1.0,135.0,0.0,-,9.0,415.0,0.0
7/18/18,-,8.0,123.0,0.0,-,9.0,417.0,0.0
7/19/18,-,3.0,140.0,0.0,-,9.0,414.0,0.0
7/20/18,-,2.0,139.0,0.0,-,8.0,409.0,0.0
7/21/18,-,12.0,104.0,0.0,-,8.0,412.0,0.0
7/22/18,-,11.0,114.0,0.0,-,9.0,406.0,0.0
7/23/18,-,11.0,124.0,0.0,-,10.0,404.0,0.0
7/24/18,-,7.0,129.0,0.0,-,11.0,402.0,0.0
7/25/18,-,6.0,88.0,0.0,-,10.0,403.0,0.0
7/26/18,-,6.0,129.0,0.0,-,11.0,402.0,0.0
7/27/18,-,4.0,141.0,0.0,-,11.0,398.0,0.0
7/28/18,-,2.0,148.0,0.0,-,11.0,406.0,0.0
7/29/18,-,6.0,140.0,0.0,-,10.0,404.0,0.0
7/30/18,-,6.0,121.0,0.0,-,10.0,409.0,0.0
7/31/18,-,3.0,93.0,0.0,-,10.0,412.0,0.0
8/1/18,-,11.0,97.0,0.0,-,10.0,408.0,0.0
8/2/18,-,2.0,115.0,0.0,-,10.0,413.0,0.0
8/3/18,-,1.0,109.0,0.0,-,11.0,418.0,0.0
8/4/18,-,1.0,108.0,0.0,-,11.0,409.0,0.0
8/5/18,-,0.0,109.0,0.0,-,11.0,413.0,0.0
8/6/18,-,4.0,115.0,0.0,-,11.0,408.0,0.0
8/7/18,-,4.0,129.0,0.0,-,11.0,408.0,0.0
8/8/18,-,2.0,83.0,0.0,-,11.0,412.0,0.0
8/9/18,-,2.0,119.0,0.0,-,11.0,415.0,0.0
8/10/18,-,2.0,114.0,0.0,-,10.0,417.0,0.0
8/11/18,-,1.0,121.0,0.0,-,10.0,419.0,0.0
8/12/18,-,7.0,115.0,0.0,-,10.0,420.0,0.0
8/13/18,-,2.0,115.0,0.0,-,9.0,424.0,0.0
8/14/18,-,1.0,106.0,0.0,-,9.0,418.0,0.0
8/15/18,-,6.0,107.0,0.0,-,10.0,415.0,0.0
8/16/18,-,6.0,106.0,0.0,-,10.0,412.0,0.0
8/17/18,-,3.0,130.0,0.0,-,11.0,418.0,0.0
8/18/18,-,2.0,83.0,0.0,-,11.0,419.0,0.0
8/19/18,-,0.0,109.0,0.0,-,11.0,422.0,0.0
8/20/18,-,2.0,95.0,0.0,-,11.0,428.0,0.0
8/21/18,-,3.0,119.0,0.0,-,11.0,424.0,0.0
8/22/18,-,10.0,92.0,0.0,-,10.0,429.0,0.0
8/23/18,-,1.0,102.0,0.0,-,9.0,429.0,0.0
8/24/18,-,1.0,79.0,0.0,-,8.0,429.0,0.0
8/25/18,-,4.0,108.0,0.0,-,8.0,433.0,0.0
8/26/18,-,2.0,121.0,0.0,-,9.0,429.0,0.0
8/27/18,-,1.0,115.0,0.0,-,8.0,431.0,0.0
8/28/18,-,2.0,79.0,0.0,-,8.0,433.0,0.0
8/29/18,-,0.0,78.0,0.0,-,8.0,431.0,0.0
8/30/18,-,0.0,70.0,0.0,-,8.0,433.0,0.0
8/31/18,-,0.0,96.0,0.0,-,8.0,436.0,0.0
9/1/18,-,0.0,100.0,0.0,-,8.0,426.0,0.0
9/2/18,-,2.0,98.0,0.0,-,7.0,425.0,0.0
9/3/18,-,4.0,113.0,0.0,-,7.0,426.0,0.0
9/4/18,-,4.0,123.0,0.0,-,8.0,420.0,0.0
9/5/18,-,0.0,88.0,0.0,-,7.0,414.0,0.0
9/6/18,-,1.0,141.0,0.0,-,8.0,411.0,0.0
9/7/18,-,1.0,171.0,0.0,-,8.0,417.0,0.0
9/8/18,-,1.0,95.0,0.0,-,9.0,423.0,0.0
9/9/18,-,2.0,103.0,0.0,-,9.0,415.0,0.0
9/10/18,-,1.0,117.0,0.0,-,9.0,417.0,0.0
9/11/18,-,1.0,98.0,0.0,-,8.0,418.0,0.0
9/12/18,-,0.0,119.0,0.0,-,8.0,419.0,0.0
9/13/18,-,2.0,123.0,0.0,-,8.0,420.0,0.0
9/14/18,-,0.0,121.0,0.0,-,8.0,423.0,0.0
9/15/18,-,10.0,92.0,0.0,-,8.0,424.0,0.0
9/16/18,-,6.0,82.0,0.0,-,7.0,413.0,0.0
9/17/18,-,2.0,114.0,0.0,-,8.0,413.0,0.0
9/18/18,-,2.0,148.0,0.0,-,7.0,409.0,0.0
9/19/18,-,9.0,120.0,0.0,-,10.0,415.0,0.0
9/20/18,-,4.0,150.0,0.0,-,11.0,420.0,0.0
9/21/18,-,5.0,153.0,0.0,-,12.0,429.0,0.0
9/22/18,-,3.0,103.0,0.0,-,12.0,423.0,0.0
9/23/18,-,1.0,107.0,0.0,-,12.0,425.0,0.0
9/24/18,-,4.0,128.0,0.0,-,11.0,424.0,0.0
9/25/18,-,4.0,152.0,0.0,-,11.0,436.0,0.0
9/26/18,-,1.0,141.0,0.0,-,11.0,435.0,0.0
9/27/18,-,6.0,146.0,0.0,-,13.0,438.0,0.0
9/28/18,-,2.0,133.0,0.0,-,13.0,443.0,0.0
9/29/18,-,1.0,129.0,0.0,-,13.0,441.0,0.0
9/30/18,-,0.0,118.0,0.0,-,13.0,443.0,0.0
10/1/18,-,3.0,125.0,0.0,-,14.0,444.0,0.0
10/2/18,-,4.0,116.0,0.0,-,14.0,445.0,0.0
10/3/18,-,4.0,101.0,0.0,-,15.0,446.0,0.0
10/4/18,-,0.0,119.0,0.0,-,12.0,435.0,0.0
10/5/18,-,0.0,145.0,0.0,-,12.0,436.0,0.0
10/6/18,-,0.0,84.0,0.0,-,11.0,438.0,0.0
10/7/18,-,0.0,122.0,0.0,-,12.0,443.0,0.0
10/8/18,-,0.0,110.0,0.0,-,11.0,439.0,0.0
10/9/18,-,0.0,88.0,0.0,-,11.0,439.0,0.0
10/10/18,-,2.0,88.0,0.0,-,13.0,440.0,0.0
10/11/18,-,0.0,90.0,0.0,-,13.0,435.0,0.0
10/12/18,-,2.0,113.0,0.0,-,14.0,435.0,0.0
10/13/18,-,0.0,103.0,0.0,-,14.0,434.0,0.0
10/14/18,-,0.0,107.0,0.0,-,14.0,435.0,0.0
10/15/18,-,0.0,108.0,0.0,-,15.0,439.0,0.0
10/16/18,-,0.0,109.0,0.0,-,15.0,441.0,0.0
10/17/18,-,3.0,137.0,0.0,-,15.0,445.0,0.0
10/18/18,-,3.0,96.0,0.0,-,16.0,451.0,0.0
10/19/18,-,1.0,164.0,0.0,-,14.0,454.0,0.0
10/20/18,-,1.0,132.0,0.0,-,13.0,450.0,0.0
10/21/18,-,0.0,75.0,0.0,-,13.0,438.0,0.0
10/22/18,-,0.0,72.0,0.0,-,12.0,441.0,0.0
10/23/18,-,4.0,102.0,0.0,-,13.0,444.0,0.0
10/24/18,-,1.0,115.0,0.0,-,14.0,450.0,0.0
10/25/18,-,0.0,128.0,0.0,-,13.0,448.0,0.0
10/26/18,-,0.0,97.0,0.0,-,13.0,440.0,0.0
10/27/18,-,0.0,110.0,0.0,-,13.0,435.0,0.0
10/28/18,-,1.0,92.0,0.0,-,13.0,425.0,0.0
10/29/18,-,1.0,124.0,0.0,-,13.0,431.0,0.0
10/30/18,-,0.0,102.0,0.0,-,13.0,426.0,0.0
10/31/18,-,0.0,98.0,0.0,-,12.0,422.0,0.0
11/1/18,-,0.0,88.0,0.0,-,12.0,415.0,0.0
11/2/18,-,1.0,133.0,0.0,-,12.0,420.0,0.0
11/3/18,-,1.0,138.0,0.0,-,12.0,429.0,0.0
11/4/18,-,4.0,167.0,0.0,-,13.0,429.0,0.0
11/5/18,-,0.0,170.0,0.0,-,13.0,425.0,0.0
11/6/18,-,0.0,148.0,0.0,-,13.0,428.0,0.0
11/7/18,-,0.0,128.0,0.0,-,13.0,435.0,0.0
11/8/18,-,0.0,115.0,0.0,-,13.0,436.0,0.0
11/9/18,-,6.0,110.0,0.0,-,12.0,435.0,0.0
11/10/18,-,0.0,121.0,0.0,-,12.0,440.0,0.0
11/11/18,-,0.0,124.0,0.0,-,11.0,436.0,0.0
11/12/18,-,0.0,135.0,0.0,-,11.0,429.0,0.0
11/13/18,-,0.0,159.0,0.0,-,11.0,435.0,0.0
11/14/18,-,0.0,132.0,0.0,-,11.0,439.0,0.0
11/15/18,-,17.0,125.0,0.0,-,12.0,449.0,0.0
11/16/18,-,13.0,114.0,0.0,-,11.0,454.0,0.0
11/17/18,-,0.0,105.0,0.0,-,10.0,454.0,0.0
11/18/18,-,0.0,90.0,0.0,-,9.0,453.0,0.0
11/19/18,-,0.0,86.0,0.0,-,9.0,451.0,0.0
11/20/18,-,1.0,115.0,0.0,-,10.0,455.0,0.0
11/21/18,-,0.0,115.0,0.0,-,10.0,457.0,0.0
11/22/18,-,0.0,119.0,0.0,-,10.0,456.0,0.0
11/23/18,-,0.0,150.0,0.0,-,9.0,456.0,0.0
11/24/18,-,0.0,127.0,0.0,-,9.0,454.0,0.0
11/25/18,-,0.0,89.0,0.0,-,9.0,455.0,0.0
11/26/18,-,0.0,89.0,0.0,-,9.0,451.0,0.0
11/27/18,-,0.0,85.0,0.0,-,8.0,444.0,0.0
11/28/18,-,2.0,116.0,0.0,-,8.0,441.0,0.0
11/29/18,-,1.0,118.0,0.0,-,9.0,445.0,0.0
11/30/18,-,1.0,131.0,0.0,-,10.0,456.0,0.0
12/1/18,-,0.0,123.0,0.0,-,10.0,456.0,0.0
12/2/18,-,9.0,119.0,0.0,-,10.0,449.0,0.0
12/3/18,-,0.0,137.0,0.0,-,9.0,443.0,0.0
12/4/18,-,1.0,101.0,0.0,-,9.0,441.0,0.0
12/5/18,-,0.0,141.0,0.0,-,9.0,441.0,0.0
12/6/18,-,2.0,181.0,0.0,-,11.0,441.0,0.0
12/7/18,-,0.0,91.0,0.0,-,11.0,435.0,0.0
12/8/18,-,4.0,113.0,0.0,-,11.0,436.0,0.0
12/9/18,-,3.0,59.0,0.0,-,11.0,436.0,0.0
12/10/18,-,0.0,140.0,0.0,-,11.0,438.0,0.0
12/11/18,-,0.0,177.0,0.0,-,11.0,449.0,0.0
12/12/18,-,0.0,147.0,0.0,-,11.0,457.0,0.0
12/13/18,-,4.0,120.0,0.0,-,12.0,453.0,0.0
12/14/18,-,0.0,119.0,0.0,-,12.0,449.0,0.0
12/15/18,-,9.0,133.0,0.0,-,12.0,465.0,0.0
12/16/18,-,17.0,105.0,0.0,-,10.0,471.0,0.0
12/17/18,-,194.0,100.0,0.0,-,14.0,475.0,0.0
12/18/18,-,151.0,72.0,0.0,-,15.0,483.0,0.0
12/19/18,-,124.0,174.0,0.0,-,15.0,489.0,0.0
12/20/18,-,81.0,107.0,0.0,-,15.0,490.0,0.0
12/21/18,-,78.0,129.0,0.0,-,15.0,485.0,0.0
12/22/18,-,50.0,110.0,0.0,-,16.0,480.0,0.0
12/23/18,-,86.0,150.0,0.0,-,17.0,471.0,0.0
12/24/18,-,76.0,107.0,0.0,-,17.0,463.0,0.0
12/25/18,-,58.0,93.0,0.0,-,18.0,456.0,0.0
12/26/18,-,21.0,88.0,0.0,-,18.0,461.0,0.0
12/27/18,-,123.0,128.0,0.0,-,18.0,465.0,0.0
12/28/18,-,50.0,144.0,0.0,-,19.0,463.0,0.0
12/29/18,-,18.0,117.0,0.0,-,18.0,469.0,0.0
12/30/18,-,33.0,113.0,0.0,-,17.0,470.0,0.0
12/31/18,-,115.0,79.0,0.0,-,17.0,473.0,0.0
1/1/19,-,21.0,87.0,0.0,-,16.0,475.0,0.0
1/2/19,-,132.0,85.0,0.0,-,16.0,468.0,0.0
1/3/19,-,96.0,92.0,0.0,-,15.0,473.0,0.0
1/4/19,-,53.0,88.0,0.0,-,15.0,473.0,0.0
1/5/19,-,82.0,115.0,0.0,-,15.0,469.0,0.0
1/6/19,-,53.0,79.0,0.0,-,17.0,469.0,0.0
1/7/19,-,95.0,101.0,0.0,-,17.0,473.0,0.0
1/8/19,-,137.0,117.0,0.0,-,17.0,479.0,0.0
1/9/19,-,41.0,97.0,0.0,-,17.0,474.0,0.0
1/10/19,-,80.0,134.0,0.0,-,17.0,473.0,0.0
1/11/19,-,61.0,94.0,0.0,-,17.0,460.0,0.0
1/12/19,-,22.0,104.0,0.0,-,16.0,457.0,0.0
1/13/19,-,17.0,136.0,0.0,-,17.0,461.0,0.0
1/14/19,-,139.0,131.0,0.0,-,17.0,460.0,0.0
1/15/19,-,46.0,117.0,0.0,-,17.0,465.0,0.0
1/16/19,-,65.0,156.0,0.0,-,15.0,464.0,0.0
1/17/19,-,83.0,136.0,0.0,-,16.0,463.0,0.0
1/18/19,-,41.0,94.0,0.0,-,16.0,460.0,0.0
1/19/19,-,43.0,76.0,0.0,-,16.0,459.0,0.0
1/20/19,-,44.0,69.0,0.0,-,16.0,460.0,0.0
1/21/19,-,27.0,125.0,0.0,-,16.0,469.0,0.0
1/22/19,-,66.0,138.0,0.0,-,15.0,469.0,0.0
1/23/19,-,63.0,123.0,0.0,-,16.0,470.0,0.0
1/24/19,-,90.0,174.0,0.0,-,16.0,483.0,0.0
1/25/19,-,33.0,136.0,0.0,-,17.0,486.0,0.0
1/26/19,-,23.0,114.0,0.0,-,17.0,490.0,0.0
1/27/19,-,21.0,116.0,0.0,-,17.0,489.0,0.0
1/28/19,-,69.0,157.0,0.0,-,18.0,494.0,0.0
1/29/19,-,55.0,174.0,0.0,-,18.0,495.0,0.0
1/30/19,-,98.0,135.0,0.0,-,19.0,502.0,0.0
1/31/19,-,66.0,108.0,0.0,-,19.0,502.0,0.0
2/1/19,-,30.0,98.0,0.0,-,20.0,504.0,0.0
2/2/19,-,37.0,85.0,0.0,-,21.0,493.0,0.0
2/3/19,-,45.0,147.0,0.0,-,22.0,497.0,0.0
2/4/19,-,80.0,176.0,0.0,-,24.0,506.0,0.0
2/5/19,-,78.0,171.0,0.0,-,22.0,499.0,0.0
2/6/19,-,66.0,164.0,0.0,-,21.0,498.0,0.0
2/7/19,-,82.0,161.0,0.0,-,21.0,498.0,0.0
2/8/19,-,79.0,123.0,0.0,-,21.0,495.0,0.0
2/9/19,-,21.0,138.0,0.0,-,21.0,492.0,0.0
2/10/19,-,20.0,113.0,0.0,-,22.0,493.0,0.0
2/11/19,-,78.0,161.0,0.0,-,22.0,499.0,0.0
2/12/19,-,36.0,96.0,0.0,-,23.0,490.0,0.0
2/13/19,-,63.0,185.0,0.0,-,22.0,484.0,0.0
2/14/19,-,31.0,91.0,0.0,-,22.0,475.0,0.0
2/15/19,-,17.0,92.0,0.0,-,23.0,481.0,0.0
2/16/19,-,36.0,108.0,0.0,-,22.0,485.0,0.0
2/17/19,-,59.0,133.0,0.0,-,22.0,495.0,0.0
2/18/19,-,51.0,193.0,0.0,-,22.0,499.0,0.0
2/19/19,-,74.0,167.0,0.0,-,22.0,495.0,0.0
2/20/19,-,64.0,154.0,0.0,-,22.0,488.0,0.0
2/21/19,-,26.0,177.0,0.0,-,22.0,493.0,0.0
2/22/19,-,19.0,114.0,0.0,-,21.0,489.0,0.0
2/23/19,-,17.0,109.0,0.0,-,23.0,489.0,0.0
2/24/19,-,17.0,118.0,0.0,-,22.0,490.0,0.0
2/25/19,-,79.0,187.0,0.0,-,22.0,494.0,0.0
2/26/19,-,63.0,179.0,0.0,-,21.0,497.0,0.0
2/27/19,-,73.0,180.0,0.0,-,21.0,497.0,0.0
2/28/19,-,35.0,163.0,0.0,-,21.0,499.0,0.0
3/1/19,-,44.0,142.0,0.0,-,21.0,506.0,0.0
3/2/19,-,20.0,128.0,0.0,-,22.0,504.0,0.0
3/3/19,-,40.0,92.0,0.0,-,21.0,502.0,0.0
3/4/19,-,45.0,135.0,0.0,-,20.0,507.0,0.0
3/5/19,-,86.0,194.0,0.0,-,21.0,504.0,0.0
3/6/19,-,49.0,187.0,0.0,-,20.0,507.0,0.0
3/7/19,-,55.0,130.0,0.0,-,22.0,506.0,0.0
3/8/19,-,3.0,101.0,0.0,-,22.0,508.0,0.0
3/9/19,-,2.0,96.0,0.0,-,22.0,506.0,0.0
3/10/19,-,1.0,216.0,0.0,-,22.0,507.0,0.0
3/11/19,-,58.0,170.0,0.0,-,22.0,511.0,0.0
3/12/19,-,3.0,161.0,0.0,-,21.0,521.0,0.0
3/13/19,-,16.0,198.0,0.0,-,21.0,520.0,0.0
3/14/19,-,6.0,196.0,0.0,-,20.0,538.0,0.0
3/15/19,-,11.0,187.0,0.0,-,21.0,533.0,0.0
3/16/19,-,12.0,135.0,0.0,-,21.0,537.0,0.0
3/17/19,-,0.0,139.0,0.0,-,20.0,529.0,0.0
3/18/19,-,55.0,128.0,0.0,-,20.0,526.0,0.0
3/19/19,-,43.0,203.0,0.0,-,20.0,518.0,0.0
3/20/19,-,42.0,179.0,0.0,-,19.0,512.0,0.0
3/21/19,-,36.0,155.0,0.0,-,19.0,524.0,0.0
3/22/19,-,17.0,144.0,0.0,-,19.0,522.0,0.0
3/23/19,-,13.0,208.0,0.0,-,19.0,517.0,0.0
3/24/19,-,13.0,115.0,0.0,-,19.0,516.0,0.0
3/25/19,-,77.0,207.0,0.0,-,17.0,522.0,0.0
3/26/19,-,31.0,171.0,0.0,-,17.0,524.0,0.0
3/27/19,-,20.0,141.0,0.0,-,18.0,513.0,0.0
3/28/19,-,14.0,140.0,0.0,-,17.0,516.0,0.0
3/29/19,-,25.0,199.0,0.0,-,16.0,522.0,0.0
3/30/19,-,17.0,150.0,0.0,-,16.0,517.0,0.0
3/31/19,-,37.0,128.0,0.0,-,15.0,517.0,0.0
4/1/19,-,43.0,177.0,0.0,-,15.0,513.0,0.0
4/2/19,-,61.0,143.0,0.0,-,16.0,513.0,0.0
4/3/19,-,6.0,156.0,0.0,-,16.0,516.0,0.0
4/4/19,-,32.0,175.0,0.0,-,17.0,512.0,0.0
4/5/19,-,19.0,176.0,0.0,-,17.0,518.0,0.0
4/6/19,-,18.0,154.0,0.0,-,16.0,518.0,0.0
4/7/19,-,13.0,129.0,0.0,-,16.0,524.0,0.0
4/8/19,-,77.0,175.0,0.0,-,15.0,530.0,0.0
4/9/19,-,44.0,182.0,0.0,-,14.0,534.0,0.0
4/10/19,-,41.0,139.0,0.0,-,13.0,533.0,0.0
4/11/19,-,52.0,136.0,0.0,-,15.0,527.0,0.0
4/12/19,-,24.0,138.0,0.0,-,16.0,530.0,0.0
4/13/19,-,17.0,147.0,0.0,-,16.0,521.0,0.0
4/14/19,-,13.0,215.0,0.0,-,16.0,517.0,0.0
4/15/19,-,17.0,206.0,0.0,-,16.0,513.0,0.0
4/16/19,-,41.0,213.0,0.0,-,17.0,517.0,0.0
4/17/19,-,79.0,166.0,0.0,-,18.0,513.0,0.0
4/18/19,-,32.0,113.0,0.0,-,18.0,516.0,0.0
4/19/19,-,18.0,131.0,0.0,-,18.0,520.0,0.0
4/20/19,-,10.0,126.0,0.0,-,18.0,522.0,0.0
4/21/19,-,11.0,164.0,0.0,-,18.0,526.0,0.0
4/22/19,-,58.0,174.0,0.0,-,20.0,534.0,0.0
4/23/19,-,26.0,172.0,0.0,-,20.0,535.0,0.0
4/24/19,-,32.0,159.0,0.0,-,20.0,533.0,0.0
4/25/19,-,12.0,170.0,0.0,-,20.0,535.0,0.0
4/26/19,-,20.0,143.0,0.0,-,19.0,529.0,0.0
4/27/19,-,24.0,114.0,0.0,-,19.0,515.0,0.0
4/28/19,-,33.0,110.0,0.0,-,19.0,511.0,0.0
4/29/19,-,32.0,137.0,0.0,-,19.0,509.0,0.0
4/30/19,-,85.0,161.0,0.0,-,18.0,518.0,0.0
